TYPE,IN FILE,CHANNEL,OFFSET,DURATION,DATE,TIME,HOUR,MEAN,SD,SEM,MEDIAN,MODE,Q25,Q75,IQR,SKEW,KURT,SFM,SH
URCHIN_CCA,HydroMoth_0 CCA Grazing Snip Long Updated.wav,0,0,4.997,1970-01-01,0:00:00,0,12575.17,6900.94,431.31,13593.75,656.25,6656.25,18281.25,11625,1.064709,4.770413,0.960657,0.992577
URCHIN_CCA,HydroMoth_0 CCA Grazing Snip Long Updated.wav,0,4.997,4.997,1970-01-01,0:00:05,0,12045.81,6976.54,436.03,12750,656.25,6000,18000,12000,2.963776,17.724459,0.976595,0.995291
URCHIN_CCA,HydroMoth_0 CCA Grazing Snip Long Updated.wav,0,9.995,4.997,1970-01-01,0:00:10,0,12470.15,6915.14,432.2,13406.25,656.25,6656.25,18187.5,11531.25,1.540611,7.41671,0.966626,0.993593
URCHIN_CCA,HydroMoth_0 CCA Grazing Snip Long Updated.wav,0,14.992,4.997,1970-01-01,0:00:15,0,12655.41,6847.14,427.95,13500,656.25,7125,18375,11250,1.007336,4.396785,0.967591,0.99392
URCHIN_CCA,HydroMoth_0 CCA Grazing Snip Long Updated.wav,0,19.989,4.997,1970-01-01,0:00:20,0,12197.6,6878.88,429.93,13031.25,656.25,6281.25,17906.25,11625,1.995975,11.275689,0.972577,0.994685
URCHIN_CCA,HydroMoth_0 CCA Grazing Snip Long Updated.wav,0,24.987,4.997,1970-01-01,0:00:25,0,12235.84,6968.6,435.54,13031.25,656.25,6187.5,18093.75,11906.25,2.011421,10.423454,0.974883,0.995118
URCHIN_CCA,HydroMoth_0 CCA Grazing Snip Long Updated.wav,0,29.984,4.997,1970-01-01,0:00:30,0,12751.57,6852.38,428.27,13781.25,93.75,7218.75,18375,11156.25,0.912863,3.992839,0.96035,0.992578
URCHIN_CCA,HydroMoth_0 CCA Grazing Snip Long Updated.wav,0,34.981,4.997,1970-01-01,0:00:35,0,12340.28,6769.97,423.12,13031.25,93.75,6843.75,17906.25,11062.5,1.305629,5.566176,0.967536,0.993832
URCHIN_CCA,HydroMoth_0 CCA Grazing Snip Long Updated.wav,0,39.979,4.997,1970-01-01,0:00:40,0,12195.18,6951.68,434.48,13031.25,93.75,6281.25,18000,11718.75,2.47359,13.364933,0.968728,0.993735
URCHIN_CCA,HydroMoth_0 CCA Grazing Snip Long Updated.wav,0,44.976,4.997,1970-01-01,0:00:45,0,12197.49,6781.2,423.82,12750,93.75,6750,17812.5,11062.5,1.583814,7.263321,0.971825,0.994573
URCHIN_CCA,HydroMoth_0 CCA Grazing Snip Long Updated.wav,0,49.973,4.997,1970-01-01,0:00:50,0,12374.45,6877.98,429.87,13218.75,93.75,6562.5,18187.5,11625,1.347286,5.575694,0.962852,0.992853
URCHIN_CCA,HydroMoth_0 CCA Grazing Snip Long Updated.wav,0,54.971,4.997,1970-01-01,0:00:55,0,12710.44,6759.37,422.46,13687.5,93.75,7218.75,18281.25,11062.5,0.500847,2.531845,0.964403,0.993502
NO URCHIN_CCA,HydroMoth_0_CCA No Urchin Snip Long.wav,0,0,4.997,1970-01-01,0:00:00,0,12155.28,7146.65,446.67,12937.5,656.25,5906.25,18281.25,12375,3.47139,20.135589,0.975003,0.994762
NO URCHIN_CCA,HydroMoth_0_CCA No Urchin Snip Long.wav,0,4.997,4.997,1970-01-01,0:00:05,0,12189.98,7104.26,444.02,13031.25,656.25,6000,18281.25,12281.25,3.028785,16.792655,0.975409,0.99496
NO URCHIN_CCA,HydroMoth_0_CCA No Urchin Snip Long.wav,0,9.995,4.997,1970-01-01,0:00:10,0,12119.6,7135.22,445.95,12937.5,656.25,5906.25,18187.5,12281.25,3.481966,20.155598,0.97284,0.994286
NO URCHIN_CCA,HydroMoth_0_CCA No Urchin Snip Long.wav,0,14.992,4.997,1970-01-01,0:00:15,0,12161.96,7110.26,444.39,12937.5,656.25,6000,18281.25,12281.25,3.291354,19.027222,0.975413,0.994909
NO URCHIN_CCA,HydroMoth_0_CCA No Urchin Snip Long.wav,0,19.989,4.997,1970-01-01,0:00:20,0,12162.67,7139.24,446.2,13031.25,656.25,5906.25,18281.25,12375,3.346987,19.503154,0.97374,0.994534
NO URCHIN_CCA,HydroMoth_0_CCA No Urchin Snip Long.wav,0,24.987,4.997,1970-01-01,0:00:25,0,12222.39,7130.04,445.63,13031.25,93.75,6000,18375,12375,3.051718,16.760717,0.974345,0.994725
NO URCHIN_CCA,HydroMoth_0_CCA No Urchin Snip Long.wav,0,29.984,4.997,1970-01-01,0:00:30,0,12255.05,7107.89,444.24,13125,93.75,6093.75,18375,12281.25,2.764781,14.761762,0.975594,0.995059
NO URCHIN_CCA,HydroMoth_0_CCA No Urchin Snip Long.wav,0,34.981,4.997,1970-01-01,0:00:35,0,12091.75,7164.66,447.79,12843.75,656.25,5812.5,18281.25,12468.75,3.301974,17.801142,0.973872,0.994526
NO URCHIN_CCA,HydroMoth_0_CCA No Urchin Snip Long.wav,0,39.979,4.997,1970-01-01,0:00:40,0,12087.8,7131.26,445.7,12843.75,93.75,5812.5,18187.5,12375,3.378,18.677302,0.976265,0.99504
NO URCHIN_CCA,HydroMoth_0_CCA No Urchin Snip Long.wav,0,44.976,4.997,1970-01-01,0:00:45,0,12003.34,7172.07,448.25,12750,656.25,5531.25,18187.5,12656.25,3.59376,20.25336,0.973651,0.994404
NO URCHIN_CCA,HydroMoth_0_CCA No Urchin Snip Long.wav,0,49.973,4.997,1970-01-01,0:00:50,0,11784.78,7323.18,457.7,12562.5,93.75,5156.25,18093.75,12937.5,5.352632,37.267667,0.958997,0.99014
NO URCHIN_CCA,HydroMoth_0_CCA No Urchin Snip Long.wav,0,54.971,4.997,1970-01-01,0:00:55,0,11618.72,7388.04,461.75,12375,93.75,4875,18000,13125,8.125399,78.518702,0.9481,0.985666