TYPE,OFFSET,DURATION,DATE,TIME,HOUR,NDSI,ACI,ADI,AEI
rock_urchin,0,4.997,1970-01-01,0:00:00,0,0.917338,230.129647,2.247295,0.181569
rock_urchin,4.997,4.997,1970-01-01,0:00:05,0,0.980589,232.332414,2.29968,0.039277
rock_urchin,9.995,4.997,1970-01-01,0:00:10,0,0.974328,254.025608,2.297668,0.05355
rock_urchin,14.992,4.997,1970-01-01,0:00:15,0,0.939527,201.162791,2.302585,0
rock_urchin,19.989,4.997,1970-01-01,0:00:20,0,0.965121,232.916784,2.293949,0.068993
rock_urchin,24.987,4.997,1970-01-01,0:00:25,0,0.971378,234.320752,2.302585,0
rock_no_urchin,0,4.997,1970-01-01,0:00:00,0,0.720883,151.863682,2.302585,0
rock_no_urchin,4.997,4.997,1970-01-01,0:00:05,0,0.705482,152.373287,2.302585,0
rock_no_urchin,9.995,4.997,1970-01-01,0:00:10,0,0.711894,151.911046,2.302585,0
rock_no_urchin,14.992,4.997,1970-01-01,0:00:15,0,0.709489,151.950798,2.302585,0
rock_no_urchin,19.989,4.997,1970-01-01,0:00:20,0,0.740818,153.079926,2.302585,0
rock_no_urchin,24.987,4.997,1970-01-01,0:00:25,0,0.71772,151.565892,2.302585,0
rock_no_urchin,29.984,4.997,1970-01-01,0:00:30,0,0.719802,152.005459,2.302585,0
rock_no_urchin,34.981,4.997,1970-01-01,0:00:35,0,0.718281,152.106432,2.302585,0
rock_no_urchin,39.979,4.997,1970-01-01,0:00:40,0,0.708288,152.107548,2.302585,0
rock_no_urchin,44.976,4.997,1970-01-01,0:00:45,0,0.737878,152.818347,2.302585,0
rock_no_urchin,49.973,4.997,1970-01-01,0:00:50,0,0.707393,152.681667,2.302585,0
rock_no_urchin,54.971,4.997,1970-01-01,0:00:55,0,0.707489,151.297994,2.302585,0
cca_urchin,0,4.997,1970-01-01,0:00:00,0,0.960085,244.235884,2.302585,0
cca_urchin,4.997,4.997,1970-01-01,0:00:05,0,0.954082,230.574609,2.302585,0
cca_urchin,9.995,4.997,1970-01-01,0:00:10,0,0.945512,213.84797,2.28521,0.103035
cca_urchin,14.992,4.997,1970-01-01,0:00:15,0,0.930738,213.587146,2.302585,0
cca_urchin,19.989,4.997,1970-01-01,0:00:20,0,0.952698,239.800154,2.302585,0
cca_no_urchin,0,4.997,1970-01-01,0:00:00,0,0.67716,151.894656,2.302585,0
cca_no_urchin,4.997,4.997,1970-01-01,0:00:05,0,0.683524,153.329957,2.302585,0
cca_no_urchin,9.995,4.997,1970-01-01,0:00:10,0,0.690842,154.357919,2.302585,0
cca_no_urchin,14.992,4.997,1970-01-01,0:00:15,0,0.683524,152.721391,2.302585,0
cca_no_urchin,19.989,4.997,1970-01-01,0:00:20,0,0.686588,152.887124,2.302585,0
cca_no_urchin,24.987,4.997,1970-01-01,0:00:25,0,0.690477,151.062649,2.302585,0
cca_no_urchin,29.984,4.997,1970-01-01,0:00:30,0,0.686305,152.602189,2.302585,0
cca_no_urchin,34.981,4.997,1970-01-01,0:00:35,0,0.706894,154.720478,2.302585,0
cca_no_urchin,39.979,4.997,1970-01-01,0:00:40,0,0.705246,153.431513,2.302585,0
cca_no_urchin,44.976,4.997,1970-01-01,0:00:45,0,0.724203,152.489701,2.302585,0
cca_no_urchin,49.973,4.997,1970-01-01,0:00:50,0,0.660369,152.606638,2.302585,0
cca_no_urchin,54.971,4.997,1970-01-01,0:00:55,0,0.699501,151.516639,2.302585,0
cca_no_urchin,59.968,4.997,1970-01-01,0:01:00,0,0.68609,152.378114,2.302585,0
kelp_urchin,0,4.997,1970-01-01,0:00:00,0,0.951059,206.134009,2.302585,0
kelp_urchin,4.997,4.997,1970-01-01,0:00:05,0,0.969764,219.747304,2.300898,0.03272
kelp_urchin,9.995,4.997,1970-01-01,0:00:10,0,0.955096,221.618893,2.302585,0
kelp_urchin,14.992,4.997,1970-01-01,0:00:15,0,0.941194,215.49811,2.302585,0
kelp_urchin,19.989,4.997,1970-01-01,0:00:20,0,0.966027,209.186969,2.302585,0
kelp_urchin,24.987,4.997,1970-01-01,0:00:25,0,0.94086,214.188881,2.302585,0
kelp_no_urchin,0,4.997,1970-01-01,0:00:00,0,0.717583,153.09262,2.302585,0
kelp_no_urchin,4.997,4.997,1970-01-01,0:00:05,0,0.7053,153.023656,2.302585,0
kelp_no_urchin,9.995,4.997,1970-01-01,0:00:10,0,0.711905,152.859788,2.302585,0
kelp_no_urchin,14.992,4.997,1970-01-01,0:00:15,0,0.72098,151.829097,2.302585,0
kelp_no_urchin,19.989,4.997,1970-01-01,0:00:20,0,0.712258,152.207294,2.302585,0
kelp_no_urchin,24.987,4.997,1970-01-01,0:00:25,0,0.703313,152.954979,2.302585,0
kelp_no_urchin,29.984,4.997,1970-01-01,0:00:30,0,0.712133,152.458526,2.302585,0
kelp_no_urchin,34.981,4.997,1970-01-01,0:00:35,0,0.714046,152.069021,2.302585,0
kelp_no_urchin,39.979,4.997,1970-01-01,0:00:40,0,0.704722,152.398052,2.302585,0
kelp_no_urchin,44.976,4.997,1970-01-01,0:00:45,0,0.707641,152.392278,2.302585,0
kelp_no_urchin,49.973,4.997,1970-01-01,0:00:50,0,0.703603,151.277787,2.302585,0
kelp_no_urchin,54.971,4.997,1970-01-01,0:00:55,0,0.687844,153.006737,2.302585,0