Type,Site,Number,Name,Volume (ml),Total Body Weight (g),Test Width (mm),Gonad Weight (g),GSI = (Gonad Weight/Total Body Weight) x 100,,Notes,
Barren,Harris_Island,,Albert,N/A,62.3,54.9,1.7023,2.732217634,,,99.65
Barren,Harris_Island,,Bonnie,N/A,71.9,57.45,1.6243,2.259650431,,,
Barren,Harris_Island,,Curtis,151.1,173.0,77.2,2.5867,1.495202312,,,
Barren,Harris_Island,,Dr. Doofenshmirtz,108,123.7,70.5,2.8526,2.306063056,,,
Barren,Harris_Island,,Elvis ,91,109.1,64.4,5.4669,5.010907424,,,
Barren,Harris_Island,,Frederick,154,176.4,76.1,3.2227,1.826927438,,,
Barren,Harris_Island,,Geoffery,35,38.7,44,1.5478,4.000930569,,,
Barren,Harris_Island,,Harold,180,221.0,81.1,4.6575,2.107466063,,,
Barren,Harris_Island,,Iron Man,142,158.7,76.9,0.1857,0.1170132325,,,
Barren,Harris_Island,,Jeff,127,141.0,66.9,3.1615,2.242198582,,,
Barren,Harris_Island,,Kyle,19,22.7,35.5,0.9347,4.117621145,,,
Barren,Harris_Island,,Lottie,26,31.5,38.7,1.1974,3.801269841,,,
Barren,Harris_Island,,Mark,18,22.7,36.8,0.5254,2.314537445,,,
Barren,Harris_Island,,Nonna,165,183.1,78.8,3.7163,2.029655926,,,
Barren,Harris_Island,,Orsiphony,35.5,35.6,39.4,1.9865,5.58005618,,,
Barren,Harris_Island,,Pete,21,23.5,35.65,0.3762,1.600851064,,,
Barren,Harris_Island,,Quistopha,18,21.7,32,0.8828,4.068202765,,,
Barren,Harris_Island,,Reginald,83,87.2,62,2.1048,2.413761468,,,
Barren,Harris_Island,,Sven,83,93.4,60.75,0.2597,0.2780513919,,,
Barren,Harris_Island,,Tiffaneigh,78,82.2,61.9,1.6546,2.012895377,,,
Barren,Harris_Island,,Ursula,41.5,45.2,49.4,4.4139,9.765265487,,this gonad weight seems wrong,
Barren,Harris_Island,,Vinny D,24.5,29.0,40.74,0.5161,1.779655172,,,
Barren,Harris_Island,,Wittle Guy,8,7.4,25,0.0863,1.166216216,,,
Barren,Harris_Island,,X-ray,38,42.6,42.2,1.3803,3.240140845,,,
Barren,Harris_Island,,Yeezus,67,74.3,57.1,2.2907,3.083041723,,,
Barren,Harris_Island,,Zphen,26,26.9,39.9,1.0399,3.865799257,,,
Barren,Harris_Island,,ælbert,31,33.1,39.7,1.3661,4.127190332,,,
Barren,Harris_Island,,Bizzlebov,22,21.5,32,0.6188,2.878139535,,,
Barren,Harris_Island,,Catniz,37.5,41.7,47,2.3663,5.674580336,,,
Barren,Sandy_Cove,,Aminah,66,57.7,49.8,2.1044,3.647140381,,,
Barren,Sandy_Cove,,Berry Allin,87,75.8,54.1,1.3911,1.835224274,,,
Barren,Sandy_Cove,,Cwistofa,66,70.5,56.3,2.832,4.017021277,,,
Barren,Sandy_Cove,,Djeorghe,93,97.3,58.55,3.1501,3.237512847,,,
Barren,Sandy_Cove,,Eggward,45,51.6,47.65,0.6664,1.291472868,,,
Barren,Sandy_Cove,,Fyn,25,24.3,38,0.0001,0.0004115226337,,,
Barren,Sandy_Cove,,Giorgio,119.5,136.6,66.3,1.8938,1.386383602,,,
Barren,Sandy_Cove,,Himotheigh,73.5,71.8,53.3,2.5126,3.499442897,,,
Barren,Sandy_Cove,,Ithaac,71,82.4,57.5,1.7367,2.107645631,,,
Barren,Sandy_Cove,,Jenofah,17.5,20.0,33.5,0.4002,2.001,,,
Barren,Sandy_Cove,,Kehlie,33.5,38.2,42.7,1.0331,2.704450262,,,
Barren,Sandy_Cove,,Le'bron,33.5,37.1,41.65,0.9452,2.547708895,,,
Barren,Sandy_Cove, ,Merryhahdalitelam,47.5,56.0,47.7,0.3777,0.6744642857,,,
Barren,Sandy_Cove,,Nina,221.5,241.3,84.8,1.097,0.454620804,,,
Barren,Sandy_Cove,,O-boy,30,31.1,40.5,0.6012,1.933118971,,,
Barren,Sandy_Cove,,Peek-at-you,20.5,21.1,34.7,0.2435,1.154028436,,,
Barren,Sandy_Cove,,Qing,191,215.0,75.5,3.886,1.80744186,,,
Barren,Sandy_Cove,,Rizzler,29.5,31.7,39.8,0.6937,2.188328076,,,
Barren,Sandy_Cove,,Sir,7,5.9,21.8,0.0105,0.1779661017,,,
Barren,Sandy_Cove,,Triceritops,66,67.9,51.4,1.7595,2.591310751,,,
Barren,Sandy_Cove,,Uggubugguh,18,19.8,33,0.5048,2.549494949,,,
Barren,Sandy_Cove,,Venti Latte,97,101.1,60.75,1.4806,1.464490603,,,
Barren,Sandy_Cove,,Weeeeeeee,30,32.0,40.45,0.5272,1.6475,,,
Barren,Sandy_Cove,,Xo sauce,9,9.0,20,0.0695,0.7722222222,,,
Barren,Sandy_Cove,,Yingrid,15,16.7,30.75,0.4098,2.453892216,,,
Barren,Sandy_Cove,,Zedd,14.5,15.1,30.4,0.2108,1.39602649,,,
Barren,Sandy_Cove,,Alberta,17,18.6,34.4,0.4752,2.55483871,,,
Barren,Sandy_Cove,,Ben 10,13.5,12.1,28.8,0.1648,1.361983471,,,
Barren,Sandy_Cove,,Ching,18,18.0,32.7,0.2794,1.552222222,,,
Barren,Samsing_Cove,,Alomenopee,57,65.5,51,0.6114,0.9334351145,,,
Barren,Samsing_Cove,,Baranof,14,18.3,30.8,0.3763,2.056284153,,,
Barren,Samsing_Cove,,Claus,103,121.5,64.75,2.9306,2.412016461,,,
Barren,Samsing_Cove,,Deltaco,176,196.5,77.7,6.7861,3.453486005,,,
Barren,Samsing_Cove,,Eeyore,26,29.0,37.9,1.1399,3.930689655,,,
Barren,Samsing_Cove,,Franko,38.5,43.2,42.2,1.1026,2.552314815,,,
Barren,Samsing_Cove,,Gerard,60,65.5,52.95,1.575,2.404580153,,,
Barren,Samsing_Cove,,Herard,70.5,81.5,56.1,2.5166,3.087852761,,,
Barren,Samsing_Cove,,Ingreed,24,29.5,31.7,1.0402,3.526101695,,,
Barren,Samsing_Cove,,Jim,123.5,137.5,61.7,0.7472,0.5434181818,,,
Barren,Samsing_Cove,,Kaleidescope,33,37.0,41.9,0.819,2.213513514,,,
Barren,Samsing_Cove,,Lini,87,105.0,60,1.5993,1.523142857,,,
Barren,Samsing_Cove,,Moonster,31,32.3,38.8,1.0543,3.264086687,,,
Barren,Samsing_Cove,,Neal,25,25.8,36.1,1.2021,4.659302326,,,
Barren,Samsing_Cove,,Orion,26,27.7,37.6,0.5486,1.980505415,,,
Barren,Samsing_Cove,,Priscilla,25.5,28.3,38.5,0.996,3.519434629,,,
Barren,Samsing_Cove,,Queen,26,26.7,37.1,0.9625,3.604868914,,,
Barren,Samsing_Cove,,Rosacea,370,414.6,97.7,11.7634,2.837288953,,,
Barren,Samsing_Cove,,Shanoon,59,65.2,51.6,1.2191,1.869785276,,,
Barren,Samsing_Cove,,Thimble,16.5,18.1,31,0.5623,3.106629834,,,
Barren,Samsing_Cove,,Union,42,43.0,44.5,1.7871,4.156046512,,,
Barren,Samsing_Cove,,Vortex,53.2,60.4,49.05,2.1494,3.558609272,,,
Barren,Samsing_Cove,,Worstecshire,30.5,31.9,37.55,0.6907,2.165203762,,,
Barren,Samsing_Cove,,Xylyl,31,35.6,39.6,0.5598,1.57247191,,,
Barren,Samsing_Cove,,Yomama,71,78.4,54.55,1.7401,2.219515306,,,
Barren,Samsing_Cove,,Zootopia,93.5,100.3,59.5,1.6184,1.613559322,,,
Barren,Samsing_Cove,,Andy,18.5,21.2,33.4,0.5693,2.685377358,,,
Barren,Samsing_Cove,,Beatrice,23,24.9,34.7,1.3216,5.307630522,,,
Barren,Samsing_Cove,,Chowder,26,27.3,36.95,1.2451,4.560805861,,,
Barren,Samsing_Cove,,Dasindelicious,288,322.8,91.7,7.4415,2.305297398,,,
Forest ,Middle_Island,,Ampule,120,139.6,71.3,11.0109,7.887464183,,,
Forest ,Middle_Island,,BaranofBaller,106.5,111.7,62.7,9.2402,8.272336616,,,
Forest ,Middle_Island,,Cinderella,8,10.4,30.5,0.2985,2.870192308,,,
Forest ,Middle_Island,,Demnuts,330,373.6,99.65,7.2526,1.94127409,,,
Forest ,Middle_Island,,Easinexcellent,58,72.0,54.7,4.2973,5.968472222,,,
Forest ,Middle_Island,,Fartyparty,151.5,169.2,72.5,14.6447,8.655260047,,,
Forest ,Middle_Island,,Geicocarinsurancefifteenminutescansaveyoufifteenpercentormore,231,250.9,84.2,11.1094,4.427819849,,,
Forest ,Middle_Island,,Horsegirl,207,234.1,83.5,14.0864,6.017257582,,,
Forest ,Middle_Island,,Indeeddotcom,12,12.7,30.5,0.2943,2.317322835,,,
Forest ,Middle_Island,,Jammysammy,50.5,56.1,54.15,6.3735,11.36096257,,,
Forest ,Middle_Island,,Kachow,212,231.6,85.5,19.4699,8.406692573,,,
Forest ,Middle_Island,,Ligma,66.5,74.1,61.1,6.9199,9.338596491,,,