"method","TYPE","site","term","estimate","std.error","p.value","r2","n"
"pooled","Barren",NA,"(Intercept)",1.3063,0.1124,7.96e-26,0.116,288
"pooled","Barren",NA,"tide",-0.0942,0.0155,4.21e-09,0.116,288
"pooled","Barren",NA,"elevation",-0.0053,0.0026,0.0418,0.116,288
"pooled","Macro_Forest",NA,"(Intercept)",-0.4207,0.1131,0.00024,0.0605,288
"pooled","Macro_Forest",NA,"tide",-0.0185,0.0156,0.238,0.0605,288
"pooled","Macro_Forest",NA,"elevation",-0.0111,0.0026,2.6e-05,0.0605,288
"site_averaged","Barren",NA,"(Intercept)",1.3063,0.0508,4.49e-44,0.6633,96
"site_averaged","Barren",NA,"tide",-0.0942,0.007,1.76e-23,0.6633,96
"site_averaged","Barren",NA,"elevation",-0.0053,0.0012,1.78e-05,0.6633,96
"site_averaged","Macro_Forest",NA,"(Intercept)",-0.4207,0.0851,3.37e-06,0.2587,96
"site_averaged","Macro_Forest",NA,"tide",-0.0185,0.0118,0.119,0.2587,96
"site_averaged","Macro_Forest",NA,"elevation",-0.0111,0.002,1.5e-07,0.2587,96
"per_site","Barren","harris_island","(Intercept)",0.7331,0.1368,6.02e-07,0.5176,96
"per_site","Barren","harris_island","tide",-0.1877,0.0189,2.96e-16,0.5176,96
"per_site","Barren","harris_island","elevation",-0.01,0.0031,0.00193,0.5176,96
"per_site","Barren","sandy_cove","(Intercept)",1.5475,0.0691,3.22e-39,0.4218,96
"per_site","Barren","sandy_cove","tide",-0.0785,0.0096,1.22e-12,0.4218,96
"per_site","Barren","sandy_cove","elevation",-0.0017,0.0016,0.275,0.4218,96
"per_site","Barren","samsing_cove","(Intercept)",1.6383,0.072,8.87e-40,0.0735,96
"per_site","Barren","samsing_cove","tide",-0.0165,0.01,0.101,0.0735,96
"per_site","Barren","samsing_cove","elevation",-0.0041,0.0017,0.016,0.0735,96
"per_site","Macro_Forest","battery_island","(Intercept)",-0.5467,0.1063,1.5e-06,0.1893,96
"per_site","Macro_Forest","battery_island","tide",-0.0676,0.0147,1.33e-05,0.1893,96
"per_site","Macro_Forest","battery_island","elevation",-6e-04,0.0024,0.812,0.1893,96
"per_site","Macro_Forest","crow_island","(Intercept)",-1.1394,0.1926,5.45e-08,0.2625,96
"per_site","Macro_Forest","crow_island","tide",0.0592,0.0266,0.0287,0.2625,96
"per_site","Macro_Forest","crow_island","elevation",-0.0209,0.0044,8.27e-06,0.2625,96
"per_site","Macro_Forest","middle_island","(Intercept)",0.4239,0.1608,0.00981,0.1183,96
"per_site","Macro_Forest","middle_island","tide",-0.0471,0.0222,0.037,0.1183,96
"per_site","Macro_Forest","middle_island","elevation",-0.0119,0.0037,0.00182,0.1183,96
