"TYPE","site","DATE","HOUR","value","se","tide","elevation","azimuth","day_index","hour_continuous","WTMP_F","hour_factor","tide_temp_pc1"
"Barren","harris_island",2025-07-24,0,0.484619158365796,0.17076287391856,10.81,-12.6557939796376,170.805906287251,0,0,50.918,"0",-2.01134283207594
"Barren","harris_island",2025-07-24,1,-1.51409070996951,0.218943367549117,10.78,-12.944074088172,-174.733787933515,0,1,51.692,"1",-1.76821954237997
"Barren","harris_island",2025-07-24,2,-1.1213740610809,0.237616184648896,9.54,-11.1983721870958,-160.420718185643,0,2,52.826,"2",-1.18913821941169
"Barren","harris_island",2025-07-24,3,-1.50104558161901,0.226052841618707,7.27,-7.57061901114552,-146.603377338829,0,3,53.924,"3",-0.429169464072677
"Barren","harris_island",2025-07-24,4,-0.805479342574535,0.223647385793192,4.37,-2.34323811150113,-133.44936202526,0,4,54.878,"4",0.404004544132493
"Barren","harris_island",2025-07-24,5,0.537337854296973,0.14783080453801,1.46,4.13937785402077,-120.913863799231,0,5,55.742,"5",1.2114218947195
"Barren","harris_island",2025-07-24,6,0.996262014657542,0.133303891289962,-0.86,11.5221507817358,-108.771705028048,0,6,56.56,"6",1.89477867866656
"Barren","harris_island",2025-07-24,7,-0.119755720947541,0.172317958491239,-2.09,19.4573745561641,-96.6552253298297,0,7,57.155,"7",2.30658278746734
"Barren","harris_island",2025-07-24,8,-0.130505095650467,0.150122716514187,-2.02,27.591401682914,-84.0632173752222,0,8,57.056,"8",2.26315650918595
"Barren","harris_island",2025-07-24,9,-0.684595214101467,0.168208508001799,-0.72,35.5242381482475,-70.3390639486689,0,9,54.815,"9",1.33316714014446
"Barren","harris_island",2025-07-24,10,-1.19094315986592,0.209318188715492,1.49,42.7432920761316,-54.6601978640068,0,10,51.98,"10",0.0513109915171219
"Barren","harris_island",2025-07-24,11,-1.35182807364292,0.203347878815727,4.07,48.5469806017719,-36.1897524816493,0,11,50.198,"11",-0.976337578904431
"Barren","harris_island",2025-07-24,12,-2.19477336593595,0.197919312335375,6.43,52.0515263152433,-14.6988299078319,0,12,50.09,"12",-1.44925619799892
"Barren","harris_island",2025-07-24,13,-1.21092283569104,0.215886380547983,8.08,52.489005068445,8.4497574072295,0,13,50.054,"13",-1.76777369323073
"Barren","harris_island",2025-07-24,14,-1.85997434604937,0.19413456476129,8.7,49.745827049313,30.5983974360971,0,14,50.504,"14",-1.74520712481661
"Barren","harris_island",2025-07-24,15,-1.98163334663042,0.205864958904051,8.24,44.4628455078008,49.9050921254382,0,15,51.998,"15",-1.20099456183311
"Barren","harris_island",2025-07-24,16,-2.31604660182719,0.197660721372236,6.95,37.5377321200415,66.2569915323637,0,16,53.15,"16",-0.607071960984727
"Barren","harris_island",2025-07-24,17,-1.95218948493501,0.177312444074307,5.3,29.7289949040218,80.4155882944541,0,17,53.906,"17",-0.0675935950284714
"Barren","harris_island",2025-07-24,18,-0.260901381832487,0.195363384189693,3.82,21.5927149061982,93.2356345546969,0,18,54.248,"18",0.313153599480473
"Barren","harris_island",2025-07-24,19,-0.0544032248272327,0.17596505544095,3.01,13.5511974342056,105.420487996741,0,19,54.752,"19",0.618765758001783
"Barren","harris_island",2025-07-24,20,-1.1499878850222,0.235231276209785,3.15,5.96516819206574,117.511162030302,0,20,54.788,"20",0.603725484424438
"Barren","harris_island",2025-07-24,21,0.169968979082926,0.198974930933676,4.27,-0.818576398509874,129.912232713903,0,21,53.672,"21",0.0525295978930328
"Barren","harris_island",2025-07-24,22,0.290908956581326,0.172845118690675,6.1,-6.44603640380355,142.892369511824,0,22,51.746,"22",-0.87955230499359
"Barren","harris_island",2025-07-24,23,0.0736163319039232,0.184674403755486,8.19,-10.564820809344,156.551762422524,0,23,50.342,"23",-1.69988730838733
"Barren","harris_island",2025-07-25,0,-1.09430922164755,0.180857445848579,9.96,-12.8670097780341,170.78208538511,1,24,50.522,"24",-1.97447795707059
"Barren","harris_island",2025-07-25,1,-1.69955214811869,0.187425003570323,10.9,-13.156647733123,-174.725795000339,1,25,50.594,"25",-2.12754628490351
"Barren","harris_island",2025-07-25,2,-1.84713697249843,0.206538581516207,10.65,-11.4079109143245,-160.38204582464,1,26,50.972,"26",-1.96495554721324
"Barren","harris_island",2025-07-25,3,-1.54664041730034,0.22765792769992,9.14,-7.7737301107509,-146.538086452387,1,27,51.98,"27",-1.374229193617
"Barren","harris_island",2025-07-25,4,-1.23712467596446,0.176171091134802,6.63,-2.5382516798652,-133.362638809036,1,28,53.384,"28",-0.475629238882563
"Barren","harris_island",2025-07-25,5,0.0558477834458677,0.208759626440905,3.62,3.95235069271658,-120.810382823149,1,29,54.95,"29",0.565859472884753
"Barren","harris_island",2025-07-25,6,0.910925663050904,0.145736370986528,0.75,11.3415200377374,-108.65491818692,1,30,56.228,"30",1.49287551924873
"Barren","harris_island",2025-07-25,7,1.33406209507129,0.103489646980826,-1.36,19.2803958179367,-96.5275585255752,1,31,57.272,"31",2.20645698972504
"Barren","harris_island",2025-07-25,8,0.302500523714129,0.220031178398003,-2.25,27.4143831088427,-83.9270440144496,1,32,57.65,"32",2.48830860564876
"Barren","harris_island",2025-07-25,9,0.128622853541453,0.24249955504704,-1.77,35.3427201810102,-70.1987394432387,1,33,57.074,"33",2.22209425039412
"Barren","harris_island",2025-07-25,10,0.378624147751215,0.15245171884773,-0.09,42.5525984604896,-54.5259234123506,1,34,54.86,"34",1.22957976755369
"Barren","harris_island",2025-07-25,11,-0.496868746464164,0.229075156886023,2.39,48.3440048173306,-36.082982929561,1,35,51.836,"35",-0.160591792643547
"Barren","harris_island",2025-07-25,12,-0.432682531474048,0.187694465899171,5.06,51.8382952345541,-14.6516802128336,1,36,50.648,"36",-1.02271870571901
"Barren","harris_island",2025-07-25,13,-0.980053796754998,0.192825460120599,7.33,52.2745626592296,8.41603161862549,1,37,50.018,"37",-1.63906289508714
"Barren","harris_island",2025-07-25,14,-1.53804618016104,0.226370960917006,8.7,49.5403439871589,30.4973288699119,1,38,50.216,"38",-1.83359147310638
"Barren","harris_island",2025-07-25,15,-2.09256412989666,0.221736374252074,8.93,44.270084493337,49.7691315489031,1,39,50.936,"39",-1.65548998049709
"Barren","harris_island",2025-07-25,16,-1.65530068454937,0.211339756741693,8.07,37.3553354130546,66.1110084156784,1,40,52.556,"40",-0.998071216240914
"Barren","harris_island",2025-07-25,17,-0.8273192983236,0.189934253247369,6.47,29.5522528881516,80.2720644792768,1,41,53.726,"41",-0.340857605730094
"Barren","harris_island",2025-07-25,18,-0.631931570384898,0.215801469706069,4.64,21.4168450151782,93.0998246783987,1,42,54.662,"42",0.287403099910427
"Barren","harris_island",2025-07-25,19,-0.532836419542302,0.246722932379638,3.16,13.372105779394,105.294891156129,1,43,55.04,"43",0.679198337955596
"Barren","harris_island",2025-07-25,20,-0.135073697610878,0.199221679759631,2.5,5.77966047144579,117.397971475137,1,44,55.04,"44",0.802186118633834
"Barren","harris_island",2025-07-25,21,1.04273471143418,0.151407798655731,2.87,-1.01261590535618,129.814560528167,1,45,54.356,"45",0.523325596216907
"Barren","harris_island",2025-07-25,22,-0.0567040322199605,0.231245003510665,4.23,-6.64933417693375,142.814684547721,1,46,52.79,"46",-0.210693663854814
"Barren","harris_island",2025-07-25,23,-0.0550485218716545,0.17313737436689,6.23,-10.7763468147072,156.499467517673,1,47,51.692,"47",-0.920349236189091
"Barren","harris_island",2025-07-26,0,-0.896100628591778,0.194004118378651,8.36,-13.0838555202397,170.760075407061,2,48,50.846,"48",-1.57689336966098
"Barren","harris_island",2025-07-26,1,-1.24894644418841,0.182383645496853,10.02,-13.3745281725787,-174.715111988092,2,49,50.378,"49",-2.02985083854986
"Barren","harris_island",2025-07-26,2,-1.3575600424126,0.225000119753333,10.71,-11.6223261077925,-160.339917038866,2,50,50.972,"50",-1.97613625454763
"Barren","harris_island",2025-07-26,3,-1.07486988151179,0.222790193871502,10.16,-7.98124085638878,-146.46876413707,2,51,51.782,"51",-1.62506545775077
"Barren","harris_island",2025-07-26,4,-0.0448224609849799,0.197205095832756,8.38,-2.73721171429283,-133.271498106597,2,52,52.664,"52",-1.02269407352657
"Barren","harris_island",2025-07-26,5,1.1716055206267,0.0724848657156836,5.72,3.76175043492,-120.702231227302,2,53,54.068,"53",-0.09614235045617
"Barren","harris_island",2025-07-26,6,0.644245147101898,0.190402499937555,2.75,11.1575733582929,-108.533274055421,2,54,55.18,"54",0.798564451825868
"Barren","harris_island",2025-07-26,7,1.33729373169844,0.0743418759462657,0.11,19.1002191047219,-96.3948646782733,2,55,56.39,"55",1.66185259339517
"Barren","harris_island",2025-07-26,8,0.645612647654698,0.165432130198305,-1.59,27.2341274163082,-83.7856711846787,2,56,57.236,"56",2.23826832430397
"Barren","harris_island",2025-07-26,9,0.777244464458743,0.141185015844292,-2,35.1577524969482,-70.053063613237,2,57,57.758,"57",2.47486645569748
"Barren","harris_island",2025-07-26,10,-0.0188849136640879,0.227126992822507,-1.06,42.3580610316431,-54.3862522083801,2,58,56.714,"58",1.97930877824168
"Barren","harris_island",2025-07-26,11,0.0540992193803182,0.205082541316879,0.96,48.1366321311929,-35.9710321412929,2,59,54.104,"59",0.801908474941284
"Barren","harris_island",2025-07-26,12,0.0136182159395838,0.172249005714567,3.58,51.6200375257765,-14.5999956045583,2,60,51.854,"60",-0.376818466340743
"Barren","harris_island",2025-07-26,13,-1.18259173823318,0.210933106123832,6.17,52.0545329340115,8.38567172663834,2,61,50.72,"61",-1.2074657043327
"Barren","harris_island",2025-07-26,14,-0.85155911078156,0.183032358698237,8.14,49.3289300287215,30.3981161312356,2,62,50.864,"62",-1.53037342100013
"Barren","harris_island",2025-07-26,15,-1.53036018591463,0.192693733971634,9.08,44.0712914328858,49.6336823554764,2,63,51.854,"63",-1.40171663865939
"Barren","harris_island",2025-07-26,16,-1.16985080080868,0.194487268530906,8.85,37.1669465272929,65.964664525658,2,64,53.438,"64",-0.872743344950484
"Barren","harris_island",2025-07-26,17,-0.679094117349857,0.19113819467468,7.61,29.3695946377061,80.1277390963372,2,65,54.806,"65",-0.221849738996757
"Barren","harris_island",2025-07-26,18,0.0123766315972616,0.164000482759304,5.77,21.2351162813158,92.9630680598981,2,66,55.742,"66",0.408274417866164
"Barren","harris_island",2025-07-26,19,0.157493761504551,0.130598181207695,3.91,13.1871783038939,105.168403232254,2,67,56.426,"67",0.964789172420323
"Barren","harris_island",2025-07-26,20,0.895023056706484,0.0769744165843597,2.56,5.58831167694911,117.284107106763,2,68,56.498,"68",1.23845117451644
"Barren","harris_island",2025-07-26,21,1.0483989292673,0.0821945137660157,2.14,-1.21250929903488,129.716592778018,2,69,56.4285714285714,"69",1.29540918475156
"Barren","harris_island",2025-07-26,22,0.439997682821303,0.173522016407782,2.78,-6.85847232454143,142.737258505167,2,70,55.418,"70",0.866013941537031
"Barren","harris_island",2025-07-26,23,0.288167960472902,0.121121367533392,4.35,-10.9936291180964,156.448162751148,2,71,54.14,"71",0.181246554084739
"Barren","harris_island",2025-07-27,0,-1.44409415458948,0.206644163342676,6.42,-13.306260425427,170.739913899365,3,72,52.61,"72",-0.674029699240986
"Barren","harris_island",2025-07-27,1,-1.40454796586288,0.154214632871235,8.44,-13.5976396187006,-174.701706819629,3,73,51.8,"73",-1.29902782573028
"Barren","harris_island",2025-07-27,2,-1.57572813460035,0.172608741513738,9.84,-11.8415381833184,-160.294308169859,3,74,51.764,"74",-1.57095904040216
"Barren","harris_island",2025-07-27,3,-1.78496129299997,0.149965883891692,10.19,-8.19307006488283,-146.39539842607,3,75,52.16,"75",-1.51465135428764
"Barren","harris_island",2025-07-27,4,-0.850086972578396,0.180796118951167,9.32,-2.94003810226438,-133.175941609865,3,76,52.988,"76",-1.09842609660594
"Barren","harris_island",2025-07-27,5,-0.904607476966611,0.152720634834485,7.35,3.56765373310997,-120.589424813727,3,77,53.978,"77",-0.427505008547524
"Barren","harris_island",2025-07-27,6,0.478791123327955,0.127036943282462,4.69,10.970382325705,-108.406802322943,3,78,55.364,"78",0.493522692754769
"Barren","harris_island",2025-07-27,7,0.871501520079689,0.0952114881957758,1.95,18.9169102996544,-96.2571873943208,3,79,56.84,"79",1.4570781126768
"Barren","harris_island",2025-07-27,8,1.02811481526211,0.0926213805891629,-0.26,27.0506952668837,-83.6391571753987,3,80,57.578,"80",2.0953857253192
"Barren","harris_island",2025-07-27,9,1.01520452038886,0.11222894869901,-1.43,34.9693924103794,-69.9021104473797,3,81,57.866,"81",2.40179386662949
"Barren","harris_island",2025-07-27,10,1.24051129194701,0.0664239054704545,-1.29,42.1597374334917,-54.2412722431273,3,82,57.218,"82",2.17684076586393
"Barren","harris_island",2025-07-27,11,1.18631227921479,0.0798521411391595,0.08,47.9249256179091,-35.8539893572896,3,83,55.778,"83",1.47962620694659
"Barren","harris_island",2025-07-27,12,-0.243983578765628,0.206408804107785,2.33,51.3968246300823,-14.5438331694719,3,84,54.554,"84",0.684716201675595
"Barren","harris_island",2025-07-27,13,0.519484306787881,0.165096938238046,4.91,51.828990669349,8.35869027557772,3,85,53.96,"85",0.0216530679493663
"Barren","harris_island",2025-07-27,14,-0.150714340755478,0.183518378459269,7.22,49.1116532102345,30.3008389146871,3,86,53.798,"86",-0.458520360337465
"Barren","harris_island",2025-07-27,15,-0.0693242506499306,0.230888852444949,8.74,43.866523245662,49.4988543720827,3,87,54.284,"87",-0.592616358402897
"Barren","harris_island",2025-07-27,16,-0.648293953521464,0.224056685660219,9.18,36.9726139939074,65.8180701153918,3,88,54.482,"88",-0.613843972739168
"Barren","harris_island",2025-07-27,17,-0.886493606039554,0.19456087377733,8.49,29.1810650259465,79.9827109919253,3,89,54.896,"89",-0.358213337727185
"Barren","harris_island",2025-07-27,18,0.558445067301024,0.158535027127207,6.94,21.0475737873596,92.8254499421897,3,90,55.508,"90",0.118438341860208
"Barren","harris_island",2025-07-27,19,-0.0531747082427066,0.237506098003927,4.99,12.9964628387084,105.041096862004,3,91,55.976,"91",0.625435896198613
"Barren","harris_island",2025-07-27,20,0.916362420373275,0.19388771944835,3.22,5.39117384564466,117.169630630016,3,92,56.264,"92",1.04365111085276
"Barren","harris_island",2025-07-27,21,0.216213292580942,0.202148062891435,2.11,-1.41819964724192,129.618381993792,3,93,56.66,"93",1.37202267543732
"Barren","harris_island",2025-07-27,22,0.336778650108019,0.165443268590575,1.99,-7.07338880464389,142.660136610037,3,94,56.822,"94",1.44410028601909
"Barren","harris_island",2025-07-27,23,1.08347011476137,0.107696467767178,2.88,-11.2166005527545,156.397887900523,3,95,56.444,"95",1.16224867009538
"Barren","samsing_cove",2025-07-24,0,1.4476903458357,0.0418942361166914,10.81,-12.6557939796376,170.805906287251,0,0,50.918,"0",-2.01134283207594
"Barren","samsing_cove",2025-07-24,1,1.46205384372227,0.0738736609416306,10.78,-12.944074088172,-174.733787933515,0,1,51.692,"1",-1.76821954237997
"Barren","samsing_cove",2025-07-24,2,1.49559312727017,0.0842613263296701,9.54,-11.1983721870958,-160.420718185643,0,2,52.826,"2",-1.18913821941169
"Barren","samsing_cove",2025-07-24,3,1.54980975914808,0.0421380713705167,7.27,-7.57061901114552,-146.603377338829,0,3,53.924,"3",-0.429169464072677
"Barren","samsing_cove",2025-07-24,4,1.60501515355523,0.0361817606680406,4.37,-2.34323811150113,-133.44936202526,0,4,54.878,"4",0.404004544132493
"Barren","samsing_cove",2025-07-24,5,1.56766640754279,0.0719095568633366,1.46,4.13937785402077,-120.913863799231,0,5,55.742,"5",1.2114218947195
"Barren","samsing_cove",2025-07-24,6,1.62212099942377,0.0523328785811308,-0.86,11.5221507817358,-108.771705028048,0,6,56.56,"6",1.89477867866656
"Barren","samsing_cove",2025-07-24,7,1.59693818832528,0.0572696453605354,-2.09,19.4573745561641,-96.6552253298297,0,7,57.155,"7",2.30658278746734
"Barren","samsing_cove",2025-07-24,8,1.42840581972608,0.0719705161590814,-2.02,27.591401682914,-84.0632173752222,0,8,57.056,"8",2.26315650918595
"Barren","samsing_cove",2025-07-24,9,1.65295232447753,0.00771668362574421,-0.72,35.5242381482475,-70.3390639486689,0,9,54.815,"9",1.33316714014446
"Barren","samsing_cove",2025-07-24,10,1.67224574652994,0.0108419542775586,1.49,42.7432920761316,-54.6601978640068,0,10,51.98,"10",0.0513109915171219
"Barren","samsing_cove",2025-07-24,11,1.45729054365644,0.0795882110163023,4.07,48.5469806017719,-36.1897524816493,0,11,50.198,"11",-0.976337578904431
"Barren","samsing_cove",2025-07-24,12,1.5340021431044,0.0372079152692295,6.43,52.0515263152433,-14.6988299078319,0,12,50.09,"12",-1.44925619799892
"Barren","samsing_cove",2025-07-24,13,1.61991059094608,0.0158535080658115,8.08,52.489005068445,8.4497574072295,0,13,50.054,"13",-1.76777369323073
"Barren","samsing_cove",2025-07-24,14,1.49317993724576,0.0890735719211299,8.7,49.745827049313,30.5983974360971,0,14,50.504,"14",-1.74520712481661
"Barren","samsing_cove",2025-07-24,15,1.61208392697774,0.0555553081173782,8.24,44.4628455078008,49.9050921254382,0,15,51.998,"15",-1.20099456183311
"Barren","samsing_cove",2025-07-24,16,1.65078084934641,0.0185222580176354,6.95,37.5377321200415,66.2569915323637,0,16,53.15,"16",-0.607071960984727
"Barren","samsing_cove",2025-07-24,17,1.68479286435824,0.00498470359971214,5.3,29.7289949040218,80.4155882944541,0,17,53.906,"17",-0.0675935950284714
"Barren","samsing_cove",2025-07-24,18,1.68382745966127,0.00736899718508996,3.82,21.5927149061982,93.2356345546969,0,18,54.248,"18",0.313153599480473
"Barren","samsing_cove",2025-07-24,19,1.68282105345505,0.00873511515911439,3.01,13.5511974342056,105.420487996741,0,19,54.752,"19",0.618765758001783
"Barren","samsing_cove",2025-07-24,20,1.66948773711042,0.0167120606368213,3.15,5.96516819206574,117.511162030302,0,20,54.788,"20",0.603725484424438
"Barren","samsing_cove",2025-07-24,21,1.67670002824246,0.00872621299138539,4.27,-0.818576398509874,129.912232713903,0,21,53.672,"21",0.0525295978930328
"Barren","samsing_cove",2025-07-24,22,1.63006339201519,0.0523605111933683,6.1,-6.44603640380355,142.892369511824,0,22,51.746,"22",-0.87955230499359
"Barren","samsing_cove",2025-07-24,23,1.63428140796853,0.0302987912977742,8.19,-10.564820809344,156.551762422524,0,23,50.342,"23",-1.69988730838733
"Barren","samsing_cove",2025-07-25,0,1.58392932429827,0.0655245116993192,9.96,-12.8670097780341,170.78208538511,1,24,50.522,"24",-1.97447795707059
"Barren","samsing_cove",2025-07-25,1,1.65147409106202,0.0109934476517672,10.9,-13.156647733123,-174.725795000339,1,25,50.594,"25",-2.12754628490351
"Barren","samsing_cove",2025-07-25,2,1.56676389802747,0.0691727871784118,10.65,-11.4079109143245,-160.38204582464,1,26,50.972,"26",-1.96495554721324
"Barren","samsing_cove",2025-07-25,3,1.61577903925063,0.0299783811003628,9.14,-7.7737301107509,-146.538086452387,1,27,51.98,"27",-1.374229193617
"Barren","samsing_cove",2025-07-25,4,1.62355593220777,0.0248121851293148,6.63,-2.5382516798652,-133.362638809036,1,28,53.384,"28",-0.475629238882563
"Barren","samsing_cove",2025-07-25,5,1.68470889223005,0.00338021939945293,3.62,3.95235069271658,-120.810382823149,1,29,54.95,"29",0.565859472884753
"Barren","samsing_cove",2025-07-25,6,1.70008238572969,0.00361296298207736,0.75,11.3415200377374,-108.65491818692,1,30,56.228,"30",1.49287551924873
"Barren","samsing_cove",2025-07-25,7,1.56971120509628,0.0759467916363972,-1.36,19.2803958179367,-96.5275585255752,1,31,57.272,"31",2.20645698972504
"Barren","samsing_cove",2025-07-25,8,1.70105958533787,0.00457208524274607,-2.25,27.4143831088427,-83.9270440144496,1,32,57.65,"32",2.48830860564876
"Barren","samsing_cove",2025-07-25,9,1.70064017991678,0.00362457186868025,-1.77,35.3427201810102,-70.1987394432387,1,33,57.074,"33",2.22209425039412
"Barren","samsing_cove",2025-07-25,10,1.6701097539713,0.0168275916426474,-0.09,42.5525984604896,-54.5259234123506,1,34,54.86,"34",1.22957976755369
"Barren","samsing_cove",2025-07-25,11,1.59185859951164,0.0420435317930224,2.39,48.3440048173306,-36.082982929561,1,35,51.836,"35",-0.160591792643547
"Barren","samsing_cove",2025-07-25,12,1.58871450307597,0.0414112004691018,5.06,51.8382952345541,-14.6516802128336,1,36,50.648,"36",-1.02271870571901
"Barren","samsing_cove",2025-07-25,13,1.63180917216335,0.0113678787047848,7.33,52.2745626592296,8.41603161862549,1,37,50.018,"37",-1.63906289508714
"Barren","samsing_cove",2025-07-25,14,1.63539360021899,0.0172555509536853,8.7,49.5403439871589,30.4973288699119,1,38,50.216,"38",-1.83359147310638
"Barren","samsing_cove",2025-07-25,15,1.59326994768682,0.0538878756730054,8.93,44.270084493337,49.7691315489031,1,39,50.936,"39",-1.65548998049709
"Barren","samsing_cove",2025-07-25,16,1.49400389961624,0.0799083223513899,8.07,37.3553354130546,66.1110084156784,1,40,52.556,"40",-0.998071216240914
"Barren","samsing_cove",2025-07-25,17,1.61168840946946,0.059966788010098,6.47,29.5522528881516,80.2720644792768,1,41,53.726,"41",-0.340857605730094
"Barren","samsing_cove",2025-07-25,18,1.59005344723729,0.0515258261578024,4.64,21.4168450151782,93.0998246783987,1,42,54.662,"42",0.287403099910427
"Barren","samsing_cove",2025-07-25,19,1.63895470020416,0.0417838085946855,3.16,13.372105779394,105.294891156129,1,43,55.04,"43",0.679198337955596
"Barren","samsing_cove",2025-07-25,20,1.62242406318726,0.0306560612375006,2.5,5.77966047144579,117.397971475137,1,44,55.04,"44",0.802186118633834
"Barren","samsing_cove",2025-07-25,21,1.67434193873253,0.00488106887461832,2.87,-1.01261590535618,129.814560528167,1,45,54.356,"45",0.523325596216907
"Barren","samsing_cove",2025-07-25,22,1.65706360198963,0.0168346382181947,4.23,-6.64933417693375,142.814684547721,1,46,52.79,"46",-0.210693663854814
"Barren","samsing_cove",2025-07-25,23,1.62408773429842,0.0402825336749069,6.23,-10.7763468147072,156.499467517673,1,47,51.692,"47",-0.920349236189091
"Barren","samsing_cove",2025-07-26,0,1.63488714770016,0.0114583611371596,8.36,-13.0838555202397,170.760075407061,2,48,50.846,"48",-1.57689336966098
"Barren","samsing_cove",2025-07-26,1,1.48298933174214,0.0680046130381285,10.02,-13.3745281725787,-174.715111988092,2,49,50.378,"49",-2.02985083854986
"Barren","samsing_cove",2025-07-26,2,1.51020739147381,0.0323543831737912,10.71,-11.6223261077925,-160.339917038866,2,50,50.972,"50",-1.97613625454763
"Barren","samsing_cove",2025-07-26,3,1.58951076983373,0.0202688544879654,10.16,-7.98124085638878,-146.46876413707,2,51,51.782,"51",-1.62506545775077
"Barren","samsing_cove",2025-07-26,4,1.64555968234745,0.00721985540929689,8.38,-2.73721171429283,-133.271498106597,2,52,52.664,"52",-1.02269407352657
"Barren","samsing_cove",2025-07-26,5,1.46209336955238,0.0663534768633384,5.72,3.76175043492,-120.702231227302,2,53,54.068,"53",-0.09614235045617
"Barren","samsing_cove",2025-07-26,6,1.604145743008,0.0358915464454901,2.75,11.1575733582929,-108.533274055421,2,54,55.18,"54",0.798564451825868
"Barren","samsing_cove",2025-07-26,7,1.64871937828854,0.0197384937683264,0.11,19.1002191047219,-96.3948646782733,2,55,56.39,"55",1.66185259339517
"Barren","samsing_cove",2025-07-26,8,1.61246667241305,0.0585879163728616,-1.59,27.2341274163082,-83.7856711846787,2,56,57.236,"56",2.23826832430397
"Barren","samsing_cove",2025-07-26,9,1.65049459828817,0.0395613639874997,-2,35.1577524969482,-70.053063613237,2,57,57.758,"57",2.47486645569748
"Barren","samsing_cove",2025-07-26,10,1.52175100830451,0.0721388712148759,-1.06,42.3580610316431,-54.3862522083801,2,58,56.714,"58",1.97930877824168
"Barren","samsing_cove",2025-07-26,11,1.43123859235144,0.12079978537624,0.96,48.1366321311929,-35.9710321412929,2,59,54.104,"59",0.801908474941284
"Barren","samsing_cove",2025-07-26,12,1.48469251899108,0.0923595951479255,3.58,51.6200375257765,-14.5999956045583,2,60,51.854,"60",-0.376818466340743
"Barren","samsing_cove",2025-07-26,13,1.39849181945152,0.0889053524327125,6.17,52.0545329340115,8.38567172663834,2,61,50.72,"61",-1.2074657043327
"Barren","samsing_cove",2025-07-26,14,1.41879177512872,0.0916148160638476,8.14,49.3289300287215,30.3981161312356,2,62,50.864,"62",-1.53037342100013
"Barren","samsing_cove",2025-07-26,15,1.59864654347066,0.0561342344409135,9.08,44.0712914328858,49.6336823554764,2,63,51.854,"63",-1.40171663865939
"Barren","samsing_cove",2025-07-26,16,1.65252898304211,0.0183019233314666,8.85,37.1669465272929,65.964664525658,2,64,53.438,"64",-0.872743344950484
"Barren","samsing_cove",2025-07-26,17,1.62295744581356,0.0568151499544594,7.61,29.3695946377061,80.1277390963372,2,65,54.806,"65",-0.221849738996757
"Barren","samsing_cove",2025-07-26,18,1.68965495588952,0.00268264936627213,5.77,21.2351162813158,92.9630680598981,2,66,55.742,"66",0.408274417866164
"Barren","samsing_cove",2025-07-26,19,1.68850244271982,0.00245876148909076,3.91,13.1871783038939,105.168403232254,2,67,56.426,"67",0.964789172420323
"Barren","samsing_cove",2025-07-26,20,1.63628650461817,0.0469710205972219,2.56,5.58831167694911,117.284107106763,2,68,56.498,"68",1.23845117451644
"Barren","samsing_cove",2025-07-26,21,1.66956068611251,0.00816808050298362,2.14,-1.21250929903488,129.716592778018,2,69,56.4285714285714,"69",1.29540918475156
"Barren","samsing_cove",2025-07-26,22,1.41976651647028,0.10038325752287,2.78,-6.85847232454143,142.737258505167,2,70,55.418,"70",0.866013941537031
"Barren","samsing_cove",2025-07-26,23,1.58184514221701,0.0454202390009584,4.35,-10.9936291180964,156.448162751148,2,71,54.14,"71",0.181246554084739
"Barren","samsing_cove",2025-07-27,0,1.51894224579276,0.0814373077391636,6.42,-13.306260425427,170.739913899365,3,72,52.61,"72",-0.674029699240986
"Barren","samsing_cove",2025-07-27,1,1.41359335077559,0.0969446252625646,8.44,-13.5976396187006,-174.701706819629,3,73,51.8,"73",-1.29902782573028
"Barren","samsing_cove",2025-07-27,2,1.5521777645354,0.037566915394476,9.84,-11.8415381833184,-160.294308169859,3,74,51.764,"74",-1.57095904040216
"Barren","samsing_cove",2025-07-27,3,1.50186598346683,0.0840294983669925,10.19,-8.19307006488283,-146.39539842607,3,75,52.16,"75",-1.51465135428764
"Barren","samsing_cove",2025-07-27,4,1.65579882256711,0.0233265481633445,9.32,-2.94003810226438,-133.175941609865,3,76,52.988,"76",-1.09842609660594
"Barren","samsing_cove",2025-07-27,5,1.64791208452216,0.0318643117659396,7.35,3.56765373310997,-120.589424813727,3,77,53.978,"77",-0.427505008547524
"Barren","samsing_cove",2025-07-27,6,1.42163170868806,0.106999902272522,4.69,10.970382325705,-108.406802322943,3,78,55.364,"78",0.493522692754769
"Barren","samsing_cove",2025-07-27,7,1.66872945067008,0.0180456816589487,1.95,18.9169102996544,-96.2571873943208,3,79,56.84,"79",1.4570781126768
"Barren","samsing_cove",2025-07-27,8,1.66343981211859,0.0407774239113366,-0.26,27.0506952668837,-83.6391571753987,3,80,57.578,"80",2.0953857253192
"Barren","samsing_cove",2025-07-27,9,1.66365961456047,0.0342428973664504,-1.43,34.9693924103794,-69.9021104473797,3,81,57.866,"81",2.40179386662949
"Barren","samsing_cove",2025-07-27,10,1.26200127031171,0.191396351422039,-1.29,42.1597374334917,-54.2412722431273,3,82,57.218,"82",2.17684076586393
"Barren","samsing_cove",2025-07-27,11,1.00775076876271,0.214620083996938,0.08,47.9249256179091,-35.8539893572896,3,83,55.778,"83",1.47962620694659
"Barren","samsing_cove",2025-07-27,12,0.384488926811048,0.309917779100605,2.33,51.3968246300823,-14.5438331694719,3,84,54.554,"84",0.684716201675595
"Barren","samsing_cove",2025-07-27,13,1.51689434688718,0.053439666402163,4.91,51.828990669349,8.35869027557772,3,85,53.96,"85",0.0216530679493663
"Barren","samsing_cove",2025-07-27,14,0.946002925534286,0.243177957924049,7.22,49.1116532102345,30.3008389146871,3,86,53.798,"86",-0.458520360337465
"Barren","samsing_cove",2025-07-27,15,-1.15804176105785,0.368606262114803,8.74,43.866523245662,49.4988543720827,3,87,54.284,"87",-0.592616358402897
"Barren","samsing_cove",2025-07-27,16,1.11482707374604,0.18750309176224,9.18,36.9726139939074,65.8180701153918,3,88,54.482,"88",-0.613843972739168
"Barren","samsing_cove",2025-07-27,17,0.68336521525248,0.276043567136306,8.49,29.1810650259465,79.9827109919253,3,89,54.896,"89",-0.358213337727185
"Barren","samsing_cove",2025-07-27,18,0.66481546753982,0.28350456092171,6.94,21.0475737873596,92.8254499421897,3,90,55.508,"90",0.118438341860208
"Barren","samsing_cove",2025-07-27,19,0.90582321167555,0.259840454062345,4.99,12.9964628387084,105.041096862004,3,91,55.976,"91",0.625435896198613
"Barren","samsing_cove",2025-07-27,20,0.492154442174848,0.304472834630182,3.22,5.39117384564466,117.169630630016,3,92,56.264,"92",1.04365111085276
"Barren","samsing_cove",2025-07-27,21,1.52435163411368,0.0671418224911406,2.11,-1.41819964724192,129.618381993792,3,93,56.66,"93",1.37202267543732
"Barren","samsing_cove",2025-07-27,22,1.20091607654098,0.130147188756098,1.99,-7.07338880464389,142.660136610037,3,94,56.822,"94",1.44410028601909
"Barren","samsing_cove",2025-07-27,23,1.58947768376324,0.0568982855659465,2.88,-11.2166005527545,156.397887900523,3,95,56.444,"95",1.16224867009538
"Barren","sandy_cove",2025-07-24,0,-0.375832538309973,0.128862257470699,10.81,-12.6557939796376,170.805906287251,0,0,50.918,"0",-2.01134283207594
"Barren","sandy_cove",2025-07-24,1,-0.458666526892076,0.13573234402391,10.78,-12.944074088172,-174.733787933515,0,1,51.692,"1",-1.76821954237997
"Barren","sandy_cove",2025-07-24,2,0.124603467398167,0.124046079269557,9.54,-11.1983721870958,-160.420718185643,0,2,52.826,"2",-1.18913821941169
"Barren","sandy_cove",2025-07-24,3,0.827392728825322,0.123640433650406,7.27,-7.57061901114552,-146.603377338829,0,3,53.924,"3",-0.429169464072677
"Barren","sandy_cove",2025-07-24,4,0.787692265439058,0.0973335514719625,4.37,-2.34323811150113,-133.44936202526,0,4,54.878,"4",0.404004544132493
"Barren","sandy_cove",2025-07-24,5,0.991674706195475,0.0936841884885711,1.46,4.13937785402077,-120.913863799231,0,5,55.742,"5",1.2114218947195
"Barren","sandy_cove",2025-07-24,6,1.34225317679408,0.0495931348166878,-0.86,11.5221507817358,-108.771705028048,0,6,56.56,"6",1.89477867866656
"Barren","sandy_cove",2025-07-24,7,1.50709696392434,0.0179117754273043,-2.09,19.4573745561641,-96.6552253298297,0,7,57.155,"7",2.30658278746734
"Barren","sandy_cove",2025-07-24,8,1.57256998547387,0.0204311456458638,-2.02,27.591401682914,-84.0632173752222,0,8,57.056,"8",2.26315650918595
"Barren","sandy_cove",2025-07-24,9,1.48342729601049,0.0664263784441763,-0.72,35.5242381482475,-70.3390639486689,0,9,54.815,"9",1.33316714014446
"Barren","sandy_cove",2025-07-24,10,1.46800905542907,0.0286911139871096,1.49,42.7432920761316,-54.6601978640068,0,10,51.98,"10",0.0513109915171219
"Barren","sandy_cove",2025-07-24,11,1.10991721043183,0.0835827178972768,4.07,48.5469806017719,-36.1897524816493,0,11,50.198,"11",-0.976337578904431
"Barren","sandy_cove",2025-07-24,12,1.05137824921791,0.084192201344955,6.43,52.0515263152433,-14.6988299078319,0,12,50.09,"12",-1.44925619799892
"Barren","sandy_cove",2025-07-24,13,1.15531424003501,0.10933645441112,8.08,52.489005068445,8.4497574072295,0,13,50.054,"13",-1.76777369323073
"Barren","sandy_cove",2025-07-24,14,0.855277443746565,0.142727670271951,8.7,49.745827049313,30.5983974360971,0,14,50.504,"14",-1.74520712481661
"Barren","sandy_cove",2025-07-24,15,0.162275089902687,0.137632968016246,8.24,44.4628455078008,49.9050921254382,0,15,51.998,"15",-1.20099456183311
"Barren","sandy_cove",2025-07-24,16,0.817732164123717,0.137334798599269,6.95,37.5377321200415,66.2569915323637,0,16,53.15,"16",-0.607071960984727
"Barren","sandy_cove",2025-07-24,17,1.13417900605381,0.127836376549835,5.3,29.7289949040218,80.4155882944541,0,17,53.906,"17",-0.0675935950284714
"Barren","sandy_cove",2025-07-24,18,1.51855146222302,0.0192839679936233,3.82,21.5927149061982,93.2356345546969,0,18,54.248,"18",0.313153599480473
"Barren","sandy_cove",2025-07-24,19,1.41720868015206,0.0464881781848149,3.01,13.5511974342056,105.420487996741,0,19,54.752,"19",0.618765758001783
"Barren","sandy_cove",2025-07-24,20,1.43793109006979,0.0425765508652398,3.15,5.96516819206574,117.511162030302,0,20,54.788,"20",0.603725484424438
"Barren","sandy_cove",2025-07-24,21,1.21830557652571,0.0668884686088228,4.27,-0.818576398509874,129.912232713903,0,21,53.672,"21",0.0525295978930328
"Barren","sandy_cove",2025-07-24,22,1.28684690795488,0.038620036743067,6.1,-6.44603640380355,142.892369511824,0,22,51.746,"22",-0.87955230499359
"Barren","sandy_cove",2025-07-24,23,0.959439181230793,0.134728015355019,8.19,-10.564820809344,156.551762422524,0,23,50.342,"23",-1.69988730838733
"Barren","sandy_cove",2025-07-25,0,0.558845397302742,0.139741905874685,9.96,-12.8670097780341,170.78208538511,1,24,50.522,"24",-1.97447795707059
"Barren","sandy_cove",2025-07-25,1,0.255642072804388,0.138577066610075,10.9,-13.156647733123,-174.725795000339,1,25,50.594,"25",-2.12754628490351
"Barren","sandy_cove",2025-07-25,2,0.124452177404468,0.0910093493149103,10.65,-11.4079109143245,-160.38204582464,1,26,50.972,"26",-1.96495554721324
"Barren","sandy_cove",2025-07-25,3,0.60317423249295,0.079859733174262,9.14,-7.7737301107509,-146.538086452387,1,27,51.98,"27",-1.374229193617
"Barren","sandy_cove",2025-07-25,4,0.928027661743525,0.0557601882519002,6.63,-2.5382516798652,-133.362638809036,1,28,53.384,"28",-0.475629238882563
"Barren","sandy_cove",2025-07-25,5,1.42489103674404,0.0622206207155694,3.62,3.95235069271658,-120.810382823149,1,29,54.95,"29",0.565859472884753
"Barren","sandy_cove",2025-07-25,6,1.64836892014708,0.0103171723024975,0.75,11.3415200377374,-108.65491818692,1,30,56.228,"30",1.49287551924873
"Barren","sandy_cove",2025-07-25,7,1.52008945403484,0.0416566024047238,-1.36,19.2803958179367,-96.5275585255752,1,31,57.272,"31",2.20645698972504
"Barren","sandy_cove",2025-07-25,8,1.42387943176803,0.0794001011115896,-2.25,27.4143831088427,-83.9270440144496,1,32,57.65,"32",2.48830860564876
"Barren","sandy_cove",2025-07-25,9,1.03259004157289,0.125762196414356,-1.77,35.3427201810102,-70.1987394432387,1,33,57.074,"33",2.22209425039412
"Barren","sandy_cove",2025-07-25,10,1.10770079275384,0.118644224508669,-0.09,42.5525984604896,-54.5259234123506,1,34,54.86,"34",1.22957976755369
"Barren","sandy_cove",2025-07-25,11,0.636641643732585,0.205546054297937,2.39,48.3440048173306,-36.082982929561,1,35,51.836,"35",-0.160591792643547
"Barren","sandy_cove",2025-07-25,12,0.764859777180143,0.119071174622499,5.06,51.8382952345541,-14.6516802128336,1,36,50.648,"36",-1.02271870571901
"Barren","sandy_cove",2025-07-25,13,0.888466129622643,0.0672603847396007,7.33,52.2745626592296,8.41603161862549,1,37,50.018,"37",-1.63906289508714
"Barren","sandy_cove",2025-07-25,14,0.340585110957134,0.12264413992592,8.7,49.5403439871589,30.4973288699119,1,38,50.216,"38",-1.83359147310638
"Barren","sandy_cove",2025-07-25,15,0.975092753764332,0.0759145272018111,8.93,44.270084493337,49.7691315489031,1,39,50.936,"39",-1.65548998049709
"Barren","sandy_cove",2025-07-25,16,0.194949716683404,0.19022723314446,8.07,37.3553354130546,66.1110084156784,1,40,52.556,"40",-0.998071216240914
"Barren","sandy_cove",2025-07-25,17,0.75452249753924,0.183859542312099,6.47,29.5522528881516,80.2720644792768,1,41,53.726,"41",-0.340857605730094
"Barren","sandy_cove",2025-07-25,18,1.03939856598501,0.165730762067536,4.64,21.4168450151782,93.0998246783987,1,42,54.662,"42",0.287403099910427
"Barren","sandy_cove",2025-07-25,19,1.55872039235081,0.0152713092277253,3.16,13.372105779394,105.294891156129,1,43,55.04,"43",0.679198337955596
"Barren","sandy_cove",2025-07-25,20,1.55988100505333,0.0117541110408982,2.5,5.77966047144579,117.397971475137,1,44,55.04,"44",0.802186118633834
"Barren","sandy_cove",2025-07-25,21,1.44547956764999,0.0529700249831106,2.87,-1.01261590535618,129.814560528167,1,45,54.356,"45",0.523325596216907
"Barren","sandy_cove",2025-07-25,22,1.27257924739542,0.0989475297668349,4.23,-6.64933417693375,142.814684547721,1,46,52.79,"46",-0.210693663854814
"Barren","sandy_cove",2025-07-25,23,1.40809797950013,0.0247073855792653,6.23,-10.7763468147072,156.499467517673,1,47,51.692,"47",-0.920349236189091
"Barren","sandy_cove",2025-07-26,0,1.05618928698747,0.0905975722407351,8.36,-13.0838555202397,170.760075407061,2,48,50.846,"48",-1.57689336966098
"Barren","sandy_cove",2025-07-26,1,0.970830897126124,0.064250255582254,10.02,-13.3745281725787,-174.715111988092,2,49,50.378,"49",-2.02985083854986
"Barren","sandy_cove",2025-07-26,2,0.75074737530206,0.122092753624191,10.71,-11.6223261077925,-160.339917038866,2,50,50.972,"50",-1.97613625454763
"Barren","sandy_cove",2025-07-26,3,0.692296301521693,0.0711377710090276,10.16,-7.98124085638878,-146.46876413707,2,51,51.782,"51",-1.62506545775077
"Barren","sandy_cove",2025-07-26,4,0.654669092456574,0.141040747230639,8.38,-2.73721171429283,-133.271498106597,2,52,52.664,"52",-1.02269407352657
"Barren","sandy_cove",2025-07-26,5,1.14480366482143,0.113516203723718,5.72,3.76175043492,-120.702231227302,2,53,54.068,"53",-0.09614235045617
"Barren","sandy_cove",2025-07-26,6,1.51826173523626,0.0177928275626545,2.75,11.1575733582929,-108.533274055421,2,54,55.18,"54",0.798564451825868
"Barren","sandy_cove",2025-07-26,7,1.24795287671436,0.144464895006732,0.11,19.1002191047219,-96.3948646782733,2,55,56.39,"55",1.66185259339517
"Barren","sandy_cove",2025-07-26,8,1.59405810593572,0.0139637153409953,-1.59,27.2341274163082,-83.7856711846787,2,56,57.236,"56",2.23826832430397
"Barren","sandy_cove",2025-07-26,9,1.58880003470603,0.0122401796720908,-2,35.1577524969482,-70.053063613237,2,57,57.758,"57",2.47486645569748
"Barren","sandy_cove",2025-07-26,10,1.37108073783053,0.0903532716072425,-1.06,42.3580610316431,-54.3862522083801,2,58,56.714,"58",1.97930877824168
"Barren","sandy_cove",2025-07-26,11,1.28412374590471,0.0833666183623421,0.96,48.1366321311929,-35.9710321412929,2,59,54.104,"59",0.801908474941284
"Barren","sandy_cove",2025-07-26,12,0.896026507275929,0.151799350320781,3.58,51.6200375257765,-14.5999956045583,2,60,51.854,"60",-0.376818466340743
"Barren","sandy_cove",2025-07-26,13,1.14949296496179,0.0495562647345797,6.17,52.0545329340115,8.38567172663834,2,61,50.72,"61",-1.2074657043327
"Barren","sandy_cove",2025-07-26,14,1.09564327547644,0.0515661097196377,8.14,49.3289300287215,30.3981161312356,2,62,50.864,"62",-1.53037342100013
"Barren","sandy_cove",2025-07-26,15,1.26104264895714,0.0357615725526223,9.08,44.0712914328858,49.6336823554764,2,63,51.854,"63",-1.40171663865939
"Barren","sandy_cove",2025-07-26,16,1.1242372117708,0.141621512773181,8.85,37.1669465272929,65.964664525658,2,64,53.438,"64",-0.872743344950484
"Barren","sandy_cove",2025-07-26,17,1.3899864463277,0.024675032175451,7.61,29.3695946377061,80.1277390963372,2,65,54.806,"65",-0.221849738996757
"Barren","sandy_cove",2025-07-26,18,1.55263494724343,0.0176610679064279,5.77,21.2351162813158,92.9630680598981,2,66,55.742,"66",0.408274417866164
"Barren","sandy_cove",2025-07-26,19,1.60697750167762,0.011847693531398,3.91,13.1871783038939,105.168403232254,2,67,56.426,"67",0.964789172420323
"Barren","sandy_cove",2025-07-26,20,1.53945304107587,0.0554306993184248,2.56,5.58831167694911,117.284107106763,2,68,56.498,"68",1.23845117451644
"Barren","sandy_cove",2025-07-26,21,1.49782206471012,0.074653683624905,2.14,-1.21250929903488,129.716592778018,2,69,56.4285714285714,"69",1.29540918475156
"Barren","sandy_cove",2025-07-26,22,1.58006110637106,0.0123286384690899,2.78,-6.85847232454143,142.737258505167,2,70,55.418,"70",0.866013941537031
"Barren","sandy_cove",2025-07-26,23,1.43243259893248,0.0280027213774591,4.35,-10.9936291180964,156.448162751148,2,71,54.14,"71",0.181246554084739
"Barren","sandy_cove",2025-07-27,0,1.3168132169854,0.0292576195439267,6.42,-13.306260425427,170.739913899365,3,72,52.61,"72",-0.674029699240986
"Barren","sandy_cove",2025-07-27,1,1.16171956663956,0.0505231007687983,8.44,-13.5976396187006,-174.701706819629,3,73,51.8,"73",-1.29902782573028
"Barren","sandy_cove",2025-07-27,2,1.04902258084755,0.0593548555998124,9.84,-11.8415381833184,-160.294308169859,3,74,51.764,"74",-1.57095904040216
"Barren","sandy_cove",2025-07-27,3,1.0562793538811,0.0762557906097255,10.19,-8.19307006488283,-146.39539842607,3,75,52.16,"75",-1.51465135428764
"Barren","sandy_cove",2025-07-27,4,1.38893088203547,0.0383236213446889,9.32,-2.94003810226438,-133.175941609865,3,76,52.988,"76",-1.09842609660594
"Barren","sandy_cove",2025-07-27,5,1.62423806339496,0.013588820722068,7.35,3.56765373310997,-120.589424813727,3,77,53.978,"77",-0.427505008547524
"Barren","sandy_cove",2025-07-27,6,1.6681267118421,0.0087063318742539,4.69,10.970382325705,-108.406802322943,3,78,55.364,"78",0.493522692754769
"Barren","sandy_cove",2025-07-27,7,1.69076812184304,0.00358541469984823,1.95,18.9169102996544,-96.2571873943208,3,79,56.84,"79",1.4570781126768
"Barren","sandy_cove",2025-07-27,8,1.69930199415249,0.0037021077111393,-0.26,27.0506952668837,-83.6391571753987,3,80,57.578,"80",2.0953857253192
"Barren","sandy_cove",2025-07-27,9,1.58705837933852,0.0509514099841033,-1.43,34.9693924103794,-69.9021104473797,3,81,57.866,"81",2.40179386662949
"Barren","sandy_cove",2025-07-27,10,1.54850771835625,0.0882346199442967,-1.29,42.1597374334917,-54.2412722431273,3,82,57.218,"82",2.17684076586393
"Barren","sandy_cove",2025-07-27,11,1.37493130884626,0.113249763400045,0.08,47.9249256179091,-35.8539893572896,3,83,55.778,"83",1.47962620694659
"Barren","sandy_cove",2025-07-27,12,1.35064136914802,0.0916138896197671,2.33,51.3968246300823,-14.5438331694719,3,84,54.554,"84",0.684716201675595
"Barren","sandy_cove",2025-07-27,13,0.723264167512328,0.145736746545787,4.91,51.828990669349,8.35869027557772,3,85,53.96,"85",0.0216530679493663
"Barren","sandy_cove",2025-07-27,14,0.606730528493853,0.0871252951205255,7.22,49.1116532102345,30.3008389146871,3,86,53.798,"86",-0.458520360337465
"Barren","sandy_cove",2025-07-27,15,0.844781505742654,0.113706491568207,8.74,43.866523245662,49.4988543720827,3,87,54.284,"87",-0.592616358402897
"Barren","sandy_cove",2025-07-27,16,1.04392578312961,0.065460897618663,9.18,36.9726139939074,65.8180701153918,3,88,54.482,"88",-0.613843972739168
"Barren","sandy_cove",2025-07-27,17,1.28285750021553,0.050002740021917,8.49,29.1810650259465,79.9827109919253,3,89,54.896,"89",-0.358213337727185
"Barren","sandy_cove",2025-07-27,18,1.34591025130217,0.0558854669641593,6.94,21.0475737873596,92.8254499421897,3,90,55.508,"90",0.118438341860208
"Barren","sandy_cove",2025-07-27,19,1.44599170872456,0.0817233106754576,4.99,12.9964628387084,105.041096862004,3,91,55.976,"91",0.625435896198613
"Barren","sandy_cove",2025-07-27,20,1.60867661236778,0.00981467235561193,3.22,5.39117384564466,117.169630630016,3,92,56.264,"92",1.04365111085276
"Barren","sandy_cove",2025-07-27,21,1.6222086925969,0.00915482893407592,2.11,-1.41819964724192,129.618381993792,3,93,56.66,"93",1.37202267543732
"Barren","sandy_cove",2025-07-27,22,1.42726248941706,0.098632222080624,1.99,-7.07338880464389,142.660136610037,3,94,56.822,"94",1.44410028601909
"Barren","sandy_cove",2025-07-27,23,1.44576639847323,0.0732534727355004,2.88,-11.2166005527545,156.397887900523,3,95,56.444,"95",1.16224867009538
"Macro_Forest","battery_island",2025-07-24,0,-0.742584813622329,0.00585793197936815,10.81,-12.6557939796376,170.805906287251,0,0,50.918,"0",-2.01134283207594
"Macro_Forest","battery_island",2025-07-24,1,-0.913595800027748,0.06670417216372,10.78,-12.944074088172,-174.733787933515,0,1,51.692,"1",-1.76821954237997
"Macro_Forest","battery_island",2025-07-24,2,-0.948073498446169,0.089004079511604,9.54,-11.1983721870958,-160.420718185643,0,2,52.826,"2",-1.18913821941169
"Macro_Forest","battery_island",2025-07-24,3,-1.03806105348443,0.112278139572084,7.27,-7.57061901114552,-146.603377338829,0,3,53.924,"3",-0.429169464072677
"Macro_Forest","battery_island",2025-07-24,4,0.0682572264695202,0.15944751157835,4.37,-2.34323811150113,-133.44936202526,0,4,54.878,"4",0.404004544132493
"Macro_Forest","battery_island",2025-07-24,5,-0.420386687483374,0.197051093968737,1.46,4.13937785402077,-120.913863799231,0,5,55.742,"5",1.2114218947195
"Macro_Forest","battery_island",2025-07-24,6,-0.505829556155455,0.208213995815014,-0.86,11.5221507817358,-108.771705028048,0,6,56.56,"6",1.89477867866656
"Macro_Forest","battery_island",2025-07-24,7,-0.337451022099845,0.176776358036283,-2.09,19.4573745561641,-96.6552253298297,0,7,57.155,"7",2.30658278746734
"Macro_Forest","battery_island",2025-07-24,8,-0.321722069210675,0.183112915701543,-2.02,27.591401682914,-84.0632173752222,0,8,57.056,"8",2.26315650918595
"Macro_Forest","battery_island",2025-07-24,9,-0.505315947238932,0.231005246515485,-0.72,35.5242381482475,-70.3390639486689,0,9,54.815,"9",1.33316714014446
"Macro_Forest","battery_island",2025-07-24,10,-0.795881462155857,0.217186850648116,1.49,42.7432920761316,-54.6601978640068,0,10,51.98,"10",0.0513109915171219
"Macro_Forest","battery_island",2025-07-24,11,0.272527670849723,0.164923411134496,4.07,48.5469806017719,-36.1897524816493,0,11,50.198,"11",-0.976337578904431
"Macro_Forest","battery_island",2025-07-24,12,-0.69771153932961,0.211393164287013,6.43,52.0515263152433,-14.6988299078319,0,12,50.09,"12",-1.44925619799892
"Macro_Forest","battery_island",2025-07-24,13,-1.42797355277913,0.21724286779295,8.08,52.489005068445,8.4497574072295,0,13,50.054,"13",-1.76777369323073
"Macro_Forest","battery_island",2025-07-24,14,-1.02025918838817,0.208244005636863,8.7,49.745827049313,30.5983974360971,0,14,50.504,"14",-1.74520712481661
"Macro_Forest","battery_island",2025-07-24,15,-1.07178500549768,0.222061782971269,8.24,44.4628455078008,49.9050921254382,0,15,51.998,"15",-1.20099456183311
"Macro_Forest","battery_island",2025-07-24,16,-1.21345469240269,0.241470859261799,6.95,37.5377321200415,66.2569915323637,0,16,53.15,"16",-0.607071960984727
"Macro_Forest","battery_island",2025-07-24,17,-0.237219658783203,0.178782993890591,5.3,29.7289949040218,80.4155882944541,0,17,53.906,"17",-0.0675935950284714
"Macro_Forest","battery_island",2025-07-24,18,-0.269116889682955,0.139082306210807,3.82,21.5927149061982,93.2356345546969,0,18,54.248,"18",0.313153599480473
"Macro_Forest","battery_island",2025-07-24,19,-1.42569022150197,0.165057461769303,3.01,13.5511974342056,105.420487996741,0,19,54.752,"19",0.618765758001783
"Macro_Forest","battery_island",2025-07-24,20,-1.20365710158786,0.132556047647612,3.15,5.96516819206574,117.511162030302,0,20,54.788,"20",0.603725484424438
"Macro_Forest","battery_island",2025-07-24,21,-0.768116213494501,0.0339535730762771,4.27,-0.818576398509874,129.912232713903,0,21,53.672,"21",0.0525295978930328
"Macro_Forest","battery_island",2025-07-24,22,-0.702268561496619,0.081736136036828,6.1,-6.44603640380355,142.892369511824,0,22,51.746,"22",-0.87955230499359
"Macro_Forest","battery_island",2025-07-24,23,-0.83854862419459,0.0638388328017268,8.19,-10.564820809344,156.551762422524,0,23,50.342,"23",-1.69988730838733
"Macro_Forest","battery_island",2025-07-25,0,-0.834638188694788,0.0846983208692516,9.96,-12.8670097780341,170.78208538511,1,24,50.522,"24",-1.97447795707059
"Macro_Forest","battery_island",2025-07-25,1,-1.00359677374855,0.0995863918751251,10.9,-13.156647733123,-174.725795000339,1,25,50.594,"25",-2.12754628490351
"Macro_Forest","battery_island",2025-07-25,2,-2.14049627541299,0.194730179738955,10.65,-11.4079109143245,-160.38204582464,1,26,50.972,"26",-1.96495554721324
"Macro_Forest","battery_island",2025-07-25,3,-2.4547596318131,0.194112898276161,9.14,-7.7737301107509,-146.538086452387,1,27,51.98,"27",-1.374229193617
"Macro_Forest","battery_island",2025-07-25,4,-1.03347204725007,0.236091290274186,6.63,-2.5382516798652,-133.362638809036,1,28,53.384,"28",-0.475629238882563
"Macro_Forest","battery_island",2025-07-25,5,-0.501998697627079,0.184935574004664,3.62,3.95235069271658,-120.810382823149,1,29,54.95,"29",0.565859472884753
"Macro_Forest","battery_island",2025-07-25,6,-0.452665856463676,0.231175243351528,0.75,11.3415200377374,-108.65491818692,1,30,56.228,"30",1.49287551924873
"Macro_Forest","battery_island",2025-07-25,7,-0.0369664464212468,0.207410674132069,-1.36,19.2803958179367,-96.5275585255752,1,31,57.272,"31",2.20645698972504
"Macro_Forest","battery_island",2025-07-25,8,-1.05029908443936,0.221805780490799,-2.25,27.4143831088427,-83.9270440144496,1,32,57.65,"32",2.48830860564876
"Macro_Forest","battery_island",2025-07-25,9,-1.09991278615294,0.233363521499316,-1.77,35.3427201810102,-70.1987394432387,1,33,57.074,"33",2.22209425039412
"Macro_Forest","battery_island",2025-07-25,10,-0.859444120058526,0.222515185714943,-0.09,42.5525984604896,-54.5259234123506,1,34,54.86,"34",1.22957976755369
"Macro_Forest","battery_island",2025-07-25,11,-0.519595033044551,0.190226045603956,2.39,48.3440048173306,-36.082982929561,1,35,51.836,"35",-0.160591792643547
"Macro_Forest","battery_island",2025-07-25,12,-1.13844210754725,0.208850057986288,5.06,51.8382952345541,-14.6516802128336,1,36,50.648,"36",-1.02271870571901
"Macro_Forest","battery_island",2025-07-25,13,-1.14171126351203,0.217703774926641,7.33,52.2745626592296,8.41603161862549,1,37,50.018,"37",-1.63906289508714
"Macro_Forest","battery_island",2025-07-25,14,-1.31342069199046,0.224255634705831,8.7,49.5403439871589,30.4973288699119,1,38,50.216,"38",-1.83359147310638
"Macro_Forest","battery_island",2025-07-25,15,-0.885553844952705,0.185376235534308,8.93,44.270084493337,49.7691315489031,1,39,50.936,"39",-1.65548998049709
"Macro_Forest","battery_island",2025-07-25,16,-1.27638932491491,0.221097048002673,8.07,37.3553354130546,66.1110084156784,1,40,52.556,"40",-0.998071216240914
"Macro_Forest","battery_island",2025-07-25,17,-0.925313950918064,0.237743573172418,6.47,29.5522528881516,80.2720644792768,1,41,53.726,"41",-0.340857605730094
"Macro_Forest","battery_island",2025-07-25,18,-0.822279248149935,0.192277817578492,4.64,21.4168450151782,93.0998246783987,1,42,54.662,"42",0.287403099910427
"Macro_Forest","battery_island",2025-07-25,19,-0.541508999120506,0.233057453265992,3.16,13.372105779394,105.294891156129,1,43,55.04,"43",0.679198337955596
"Macro_Forest","battery_island",2025-07-25,20,-1.65094804917816,0.235195651907747,2.5,5.77966047144579,117.397971475137,1,44,55.04,"44",0.802186118633834
"Macro_Forest","battery_island",2025-07-25,21,-1.06040756583399,0.108419985722012,2.87,-1.01261590535618,129.814560528167,1,45,54.356,"45",0.523325596216907
"Macro_Forest","battery_island",2025-07-25,22,-0.991721421490692,0.118133406896241,4.23,-6.64933417693375,142.814684547721,1,46,52.79,"46",-0.210693663854814
"Macro_Forest","battery_island",2025-07-25,23,-0.904236869186269,0.0712688151990808,6.23,-10.7763468147072,156.499467517673,1,47,51.692,"47",-0.920349236189091
"Macro_Forest","battery_island",2025-07-26,0,-1.00747670060583,0.102747069085069,8.36,-13.0838555202397,170.760075407061,2,48,50.846,"48",-1.57689336966098
"Macro_Forest","battery_island",2025-07-26,1,-0.800999893250603,0.0739837948345089,10.02,-13.3745281725787,-174.715111988092,2,49,50.378,"49",-2.02985083854986
"Macro_Forest","battery_island",2025-07-26,2,-0.97347554852306,0.100826615291356,10.71,-11.6223261077925,-160.339917038866,2,50,50.972,"50",-1.97613625454763
"Macro_Forest","battery_island",2025-07-26,3,-0.714602442554215,0.0522203916210676,10.16,-7.98124085638878,-146.46876413707,2,51,51.782,"51",-1.62506545775077
"Macro_Forest","battery_island",2025-07-26,4,-0.6165837340805,0.139251798970448,8.38,-2.73721171429283,-133.271498106597,2,52,52.664,"52",-1.02269407352657
"Macro_Forest","battery_island",2025-07-26,5,-0.723078343695582,0.215173492466526,5.72,3.76175043492,-120.702231227302,2,53,54.068,"53",-0.09614235045617
"Macro_Forest","battery_island",2025-07-26,6,-1.23938974830294,0.243002718019487,2.75,11.1575733582929,-108.533274055421,2,54,55.18,"54",0.798564451825868
"Macro_Forest","battery_island",2025-07-26,7,-2.00454669457178,0.222357640950484,0.11,19.1002191047219,-96.3948646782733,2,55,56.39,"55",1.66185259339517
"Macro_Forest","battery_island",2025-07-26,8,-0.411180697874167,0.213698697261056,-1.59,27.2341274163082,-83.7856711846787,2,56,57.236,"56",2.23826832430397
"Macro_Forest","battery_island",2025-07-26,9,-0.674465220219474,0.216737924578821,-2,35.1577524969482,-70.053063613237,2,57,57.758,"57",2.47486645569748
"Macro_Forest","battery_island",2025-07-26,10,-0.365275320883601,0.18453875127871,-1.06,42.3580610316431,-54.3862522083801,2,58,56.714,"58",1.97930877824168
"Macro_Forest","battery_island",2025-07-26,11,-1.2617466804879,0.226135544276422,0.96,48.1366321311929,-35.9710321412929,2,59,54.104,"59",0.801908474941284
"Macro_Forest","battery_island",2025-07-26,12,-0.888276894621465,0.221515990880838,3.58,51.6200375257765,-14.5999956045583,2,60,51.854,"60",-0.376818466340743
"Macro_Forest","battery_island",2025-07-26,13,-0.615949690717941,0.201054800328609,6.17,52.0545329340115,8.38567172663834,2,61,50.72,"61",-1.2074657043327
"Macro_Forest","battery_island",2025-07-26,14,-1.44183096209675,0.231776116771228,8.14,49.3289300287215,30.3981161312356,2,62,50.864,"62",-1.53037342100013
"Macro_Forest","battery_island",2025-07-26,15,-1.60713258733584,0.202021684555875,9.08,44.0712914328858,49.6336823554764,2,63,51.854,"63",-1.40171663865939
"Macro_Forest","battery_island",2025-07-26,16,-0.928038438560162,0.22318922993645,8.85,37.1669465272929,65.964664525658,2,64,53.438,"64",-0.872743344950484
"Macro_Forest","battery_island",2025-07-26,17,-1.03246701653704,0.233286749808338,7.61,29.3695946377061,80.1277390963372,2,65,54.806,"65",-0.221849738996757
"Macro_Forest","battery_island",2025-07-26,18,-0.297312849045951,0.200127334763982,5.77,21.2351162813158,92.9630680598981,2,66,55.742,"66",0.408274417866164
"Macro_Forest","battery_island",2025-07-26,19,-1.36068436836015,0.146216627583685,3.91,13.1871783038939,105.168403232254,2,67,56.426,"67",0.964789172420323
"Macro_Forest","battery_island",2025-07-26,20,-0.763584922515339,0.1277186513468,2.56,5.58831167694911,117.284107106763,2,68,56.498,"68",1.23845117451644
"Macro_Forest","battery_island",2025-07-26,21,-0.88502258938453,0.0917297566835412,2.14,-1.21250929903488,129.716592778018,2,69,56.4285714285714,"69",1.29540918475156
"Macro_Forest","battery_island",2025-07-26,22,-0.782860162273972,0.086697172997862,2.78,-6.85847232454143,142.737258505167,2,70,55.418,"70",0.866013941537031
"Macro_Forest","battery_island",2025-07-26,23,-1.10641491474187,0.126841857858753,4.35,-10.9936291180964,156.448162751148,2,71,54.14,"71",0.181246554084739
"Macro_Forest","battery_island",2025-07-27,0,-1.37441340049426,0.173318327024346,6.42,-13.306260425427,170.739913899365,3,72,52.61,"72",-0.674029699240986
"Macro_Forest","battery_island",2025-07-27,1,-2.53587212646297,0.158640623803911,8.44,-13.5976396187006,-174.701706819629,3,73,51.8,"73",-1.29902782573028
"Macro_Forest","battery_island",2025-07-27,2,-2.57904151347983,0.158613419174205,9.84,-11.8415381833184,-160.294308169859,3,74,51.764,"74",-1.57095904040216
"Macro_Forest","battery_island",2025-07-27,3,-2.41685481659224,0.183086872067272,10.19,-8.19307006488283,-146.39539842607,3,75,52.16,"75",-1.51465135428764
"Macro_Forest","battery_island",2025-07-27,4,-1.49590690340084,0.202727963915931,9.32,-2.94003810226438,-133.175941609865,3,76,52.988,"76",-1.09842609660594
"Macro_Forest","battery_island",2025-07-27,5,-0.490135717508917,0.208508160128639,7.35,3.56765373310997,-120.589424813727,3,77,53.978,"77",-0.427505008547524
"Macro_Forest","battery_island",2025-07-27,6,-0.0787806789789053,0.194644616140608,4.69,10.970382325705,-108.406802322943,3,78,55.364,"78",0.493522692754769
"Macro_Forest","battery_island",2025-07-27,7,-0.54075867809287,0.18535848214744,1.95,18.9169102996544,-96.2571873943208,3,79,56.84,"79",1.4570781126768
"Macro_Forest","battery_island",2025-07-27,8,-0.684485157295102,0.261396324381603,-0.26,27.0506952668837,-83.6391571753987,3,80,57.578,"80",2.0953857253192
"Macro_Forest","battery_island",2025-07-27,9,-0.306202566379989,0.216121472216353,-1.43,34.9693924103794,-69.9021104473797,3,81,57.866,"81",2.40179386662949
"Macro_Forest","battery_island",2025-07-27,10,-0.300071771107338,0.21956160275933,-1.29,42.1597374334917,-54.2412722431273,3,82,57.218,"82",2.17684076586393
"Macro_Forest","battery_island",2025-07-27,11,-1.5350005198114,0.233930529679326,0.08,47.9249256179091,-35.8539893572896,3,83,55.778,"83",1.47962620694659
"Macro_Forest","battery_island",2025-07-27,12,-0.187780911878105,0.173696519853016,2.33,51.3968246300823,-14.5438331694719,3,84,54.554,"84",0.684716201675595
"Macro_Forest","battery_island",2025-07-27,13,-0.636738589244665,0.217764281703383,4.91,51.828990669349,8.35869027557772,3,85,53.96,"85",0.0216530679493663
"Macro_Forest","battery_island",2025-07-27,14,-1.06268441426032,0.208821134584272,7.22,49.1116532102345,30.3008389146871,3,86,53.798,"86",-0.458520360337465
"Macro_Forest","battery_island",2025-07-27,15,-1.3089404610507,0.230517581908868,8.74,43.866523245662,49.4988543720827,3,87,54.284,"87",-0.592616358402897
"Macro_Forest","battery_island",2025-07-27,16,-1.47145778437783,0.231509570631531,9.18,36.9726139939074,65.8180701153918,3,88,54.482,"88",-0.613843972739168
"Macro_Forest","battery_island",2025-07-27,17,-1.50618478654558,0.236605203236088,8.49,29.1810650259465,79.9827109919253,3,89,54.896,"89",-0.358213337727185
"Macro_Forest","battery_island",2025-07-27,18,-0.827419232081148,0.230445707393368,6.94,21.0475737873596,92.8254499421897,3,90,55.508,"90",0.118438341860208
"Macro_Forest","battery_island",2025-07-27,19,-0.30662733542925,0.208583872360897,4.99,12.9964628387084,105.041096862004,3,91,55.976,"91",0.625435896198613
"Macro_Forest","battery_island",2025-07-27,20,-0.1992985583738,0.231080288832255,3.22,5.39117384564466,117.169630630016,3,92,56.264,"92",1.04365111085276
"Macro_Forest","battery_island",2025-07-27,21,0.400672447708572,0.197947776680821,2.11,-1.41819964724192,129.618381993792,3,93,56.66,"93",1.37202267543732
"Macro_Forest","battery_island",2025-07-27,22,-0.0449571256823584,0.24184282559435,1.99,-7.07338880464389,142.660136610037,3,94,56.822,"94",1.44410028601909
"Macro_Forest","battery_island",2025-07-27,23,0.506138945503426,0.20798845109189,2.88,-11.2166005527545,156.397887900523,3,95,56.444,"95",1.16224867009538
"Macro_Forest","crow_island",2025-07-24,0,-0.0135831257016024,0.15776436224035,10.81,-12.6557939796376,170.805906287251,0,0,50.918,"0",-2.01134283207594
"Macro_Forest","crow_island",2025-07-24,1,-0.238613921408963,0.185918721983513,10.78,-12.944074088172,-174.733787933515,0,1,51.692,"1",-1.76821954237997
"Macro_Forest","crow_island",2025-07-24,2,0.0279640930720844,0.203029980652291,9.54,-11.1983721870958,-160.420718185643,0,2,52.826,"2",-1.18913821941169
"Macro_Forest","crow_island",2025-07-24,3,-1.20572228733287,0.155185574049045,7.27,-7.57061901114552,-146.603377338829,0,3,53.924,"3",-0.429169464072677
"Macro_Forest","crow_island",2025-07-24,4,-1.19311274674689,0.143282746974674,4.37,-2.34323811150113,-133.44936202526,0,4,54.878,"4",0.404004544132493
"Macro_Forest","crow_island",2025-07-24,5,-0.933391963538127,0.0462071769558034,1.46,4.13937785402077,-120.913863799231,0,5,55.742,"5",1.2114218947195
"Macro_Forest","crow_island",2025-07-24,6,-0.774614761478813,0.0220910925770862,-0.86,11.5221507817358,-108.771705028048,0,6,56.56,"6",1.89477867866656
"Macro_Forest","crow_island",2025-07-24,7,-0.737730297729395,0.00102149493895913,-2.09,19.4573745561641,-96.6552253298297,0,7,57.155,"7",2.30658278746734
"Macro_Forest","crow_island",2025-07-24,8,-0.852756793577452,0.042799124149759,-2.02,27.591401682914,-84.0632173752222,0,8,57.056,"8",2.26315650918595
"Macro_Forest","crow_island",2025-07-24,9,-0.904373667968772,0.0543553479069477,-0.72,35.5242381482475,-70.3390639486689,0,9,54.815,"9",1.33316714014446
"Macro_Forest","crow_island",2025-07-24,10,-1.87091055196121,0.144928999089154,1.49,42.7432920761316,-54.6601978640068,0,10,51.98,"10",0.0513109915171219
"Macro_Forest","crow_island",2025-07-24,11,-2.48030208974476,0.157755066945689,4.07,48.5469806017719,-36.1897524816493,0,11,50.198,"11",-0.976337578904431
"Macro_Forest","crow_island",2025-07-24,12,-2.43311255490895,0.173834339110186,6.43,52.0515263152433,-14.6988299078319,0,12,50.09,"12",-1.44925619799892
"Macro_Forest","crow_island",2025-07-24,13,-1.45637002899315,0.191397506337393,8.08,52.489005068445,8.4497574072295,0,13,50.054,"13",-1.76777369323073
"Macro_Forest","crow_island",2025-07-24,14,-0.745571895837071,0.205317131779514,8.7,49.745827049313,30.5983974360971,0,14,50.504,"14",-1.74520712481661
"Macro_Forest","crow_island",2025-07-24,15,-1.26782236124406,0.200369734224419,8.24,44.4628455078008,49.9050921254382,0,15,51.998,"15",-1.20099456183311
"Macro_Forest","crow_island",2025-07-24,16,-2.52557654918748,0.181160899564735,6.95,37.5377321200415,66.2569915323637,0,16,53.15,"16",-0.607071960984727
"Macro_Forest","crow_island",2025-07-24,17,-2.84944359529274,0.110725554041254,5.3,29.7289949040218,80.4155882944541,0,17,53.906,"17",-0.0675935950284714
"Macro_Forest","crow_island",2025-07-24,18,-1.92669205709497,0.184572523780758,3.82,21.5927149061982,93.2356345546969,0,18,54.248,"18",0.313153599480473
"Macro_Forest","crow_island",2025-07-24,19,-1.12190959583919,0.187411639561152,3.01,13.5511974342056,105.420487996741,0,19,54.752,"19",0.618765758001783
"Macro_Forest","crow_island",2025-07-24,20,-0.852664053360258,0.16566926437497,3.15,5.96516819206574,117.511162030302,0,20,54.788,"20",0.603725484424438
"Macro_Forest","crow_island",2025-07-24,21,-1.34945979185189,0.163049101716783,4.27,-0.818576398509874,129.912232713903,0,21,53.672,"21",0.0525295978930328
"Macro_Forest","crow_island",2025-07-24,22,-1.25834303917745,0.1660024481021,6.1,-6.44603640380355,142.892369511824,0,22,51.746,"22",-0.87955230499359
"Macro_Forest","crow_island",2025-07-24,23,1.26660203561401,0.0772114805881102,8.19,-10.564820809344,156.551762422524,0,23,50.342,"23",-1.69988730838733
"Macro_Forest","crow_island",2025-07-25,0,0.859773831400132,0.116813221878267,9.96,-12.8670097780341,170.78208538511,1,24,50.522,"24",-1.97447795707059
"Macro_Forest","crow_island",2025-07-25,1,1.34236096069501,0.0484649780716221,10.9,-13.156647733123,-174.725795000339,1,25,50.594,"25",-2.12754628490351
"Macro_Forest","crow_island",2025-07-25,2,1.45259815230347,0.050308415818372,10.65,-11.4079109143245,-160.38204582464,1,26,50.972,"26",-1.96495554721324
"Macro_Forest","crow_island",2025-07-25,3,0.406045228258037,0.148290475720375,9.14,-7.7737301107509,-146.538086452387,1,27,51.98,"27",-1.374229193617
"Macro_Forest","crow_island",2025-07-25,4,-1.95742430904176,0.154415292459335,6.63,-2.5382516798652,-133.362638809036,1,28,53.384,"28",-0.475629238882563
"Macro_Forest","crow_island",2025-07-25,5,-1.29668733725359,0.117674274137513,3.62,3.95235069271658,-120.810382823149,1,29,54.95,"29",0.565859472884753
"Macro_Forest","crow_island",2025-07-25,6,-0.892654304425563,0.0384842590706821,0.75,11.3415200377374,-108.65491818692,1,30,56.228,"30",1.49287551924873
"Macro_Forest","crow_island",2025-07-25,7,-0.759441409921707,0.00847089668116525,-1.36,19.2803958179367,-96.5275585255752,1,31,57.272,"31",2.20645698972504
"Macro_Forest","crow_island",2025-07-25,8,-0.736574981702027,4.29696330853899e-05,-2.25,27.4143831088427,-83.9270440144496,1,32,57.65,"32",2.48830860564876
"Macro_Forest","crow_island",2025-07-25,9,-1.09204985964788,0.105075889309758,-1.77,35.3427201810102,-70.1987394432387,1,33,57.074,"33",2.22209425039412
"Macro_Forest","crow_island",2025-07-25,10,-2.64287195290887,0.143859751559744,-0.09,42.5525984604896,-54.5259234123506,1,34,54.86,"34",1.22957976755369
"Macro_Forest","crow_island",2025-07-25,11,-2.70973038042197,0.158144622240398,2.39,48.3440048173306,-36.082982929561,1,35,51.836,"35",-0.160591792643547
"Macro_Forest","crow_island",2025-07-25,12,-2.87883187241099,0.1753404594802,5.06,51.8382952345541,-14.6516802128336,1,36,50.648,"36",-1.02271870571901
"Macro_Forest","crow_island",2025-07-25,13,-2.46973897888904,0.171775272903812,7.33,52.2745626592296,8.41603161862549,1,37,50.018,"37",-1.63906289508714
"Macro_Forest","crow_island",2025-07-25,14,-0.737389421457977,0.183927171250289,8.7,49.5403439871589,30.4973288699119,1,38,50.216,"38",-1.83359147310638
"Macro_Forest","crow_island",2025-07-25,15,-0.918557589197535,0.221793076894477,8.93,44.270084493337,49.7691315489031,1,39,50.936,"39",-1.65548998049709
"Macro_Forest","crow_island",2025-07-25,16,-2.72907155874222,0.169965223449521,8.07,37.3553354130546,66.1110084156784,1,40,52.556,"40",-0.998071216240914
"Macro_Forest","crow_island",2025-07-25,17,-3.13233033561254,0.12535993339293,6.47,29.5522528881516,80.2720644792768,1,41,53.726,"41",-0.340857605730094
"Macro_Forest","crow_island",2025-07-25,18,-3.13326250132876,0.147627970499978,4.64,21.4168450151782,93.0998246783987,1,42,54.662,"42",0.287403099910427
"Macro_Forest","crow_island",2025-07-25,19,-2.73789303526709,0.178728250280152,3.16,13.372105779394,105.294891156129,1,43,55.04,"43",0.679198337955596
"Macro_Forest","crow_island",2025-07-25,20,-2.58838743085266,0.168971494549459,2.5,5.77966047144579,117.397971475137,1,44,55.04,"44",0.802186118633834
"Macro_Forest","crow_island",2025-07-25,21,-2.30237480580495,0.162035629923929,2.87,-1.01261590535618,129.814560528167,1,45,54.356,"45",0.523325596216907
"Macro_Forest","crow_island",2025-07-25,22,-1.97774699209557,0.163307854620656,4.23,-6.64933417693375,142.814684547721,1,46,52.79,"46",-0.210693663854814
"Macro_Forest","crow_island",2025-07-25,23,-1.84304413295116,0.186900721502579,6.23,-10.7763468147072,156.499467517673,1,47,51.692,"47",-0.920349236189091
"Macro_Forest","crow_island",2025-07-26,0,0.245266374016057,0.155466979234779,8.36,-13.0838555202397,170.760075407061,2,48,50.846,"48",-1.57689336966098
"Macro_Forest","crow_island",2025-07-26,1,1.16829807318167,0.126256599708775,10.02,-13.3745281725787,-174.715111988092,2,49,50.378,"49",-2.02985083854986
"Macro_Forest","crow_island",2025-07-26,2,1.13952465932274,0.132166079569812,10.71,-11.6223261077925,-160.339917038866,2,50,50.972,"50",-1.97613625454763
"Macro_Forest","crow_island",2025-07-26,3,1.27026350788022,0.0972737976035415,10.16,-7.98124085638878,-146.46876413707,2,51,51.782,"51",-1.62506545775077
"Macro_Forest","crow_island",2025-07-26,4,-1.78278466208795,0.20047168402484,8.38,-2.73721171429283,-133.271498106597,2,52,52.664,"52",-1.02269407352657
"Macro_Forest","crow_island",2025-07-26,5,-1.70894220184322,0.157098723257919,5.72,3.76175043492,-120.702231227302,2,53,54.068,"53",-0.09614235045617
"Macro_Forest","crow_island",2025-07-26,6,-1.23469975178822,0.0906504349774604,2.75,11.1575733582929,-108.533274055421,2,54,55.18,"54",0.798564451825868
"Macro_Forest","crow_island",2025-07-26,7,-0.889440429616369,0.0419837847715926,0.11,19.1002191047219,-96.3948646782733,2,55,56.39,"55",1.66185259339517
"Macro_Forest","crow_island",2025-07-26,8,-0.777541545503602,0.0182691936683755,-1.59,27.2341274163082,-83.7856711846787,2,56,57.236,"56",2.23826832430397
"Macro_Forest","crow_island",2025-07-26,9,-0.932187034129781,0.0687059987011632,-2,35.1577524969482,-70.053063613237,2,57,57.758,"57",2.47486645569748
"Macro_Forest","crow_island",2025-07-26,10,-0.842899806805318,0.0504870529138305,-1.06,42.3580610316431,-54.3862522083801,2,58,56.714,"58",1.97930877824168
"Macro_Forest","crow_island",2025-07-26,11,-1.13493417451167,0.110607522421897,0.96,48.1366321311929,-35.9710321412929,2,59,54.104,"59",0.801908474941284
"Macro_Forest","crow_island",2025-07-26,12,-2.53890376418456,0.186079080568284,3.58,51.6200375257765,-14.5999956045583,2,60,51.854,"60",-0.376818466340743
"Macro_Forest","crow_island",2025-07-26,13,-1.81378546203765,0.200132805603298,6.17,52.0545329340115,8.38567172663834,2,61,50.72,"61",-1.2074657043327
"Macro_Forest","crow_island",2025-07-26,14,-0.976932336204901,0.159081812125949,8.14,49.3289300287215,30.3981161312356,2,62,50.864,"62",-1.53037342100013
"Macro_Forest","crow_island",2025-07-26,15,-0.850899618923959,0.19453630742142,9.08,44.0712914328858,49.6336823554764,2,63,51.854,"63",-1.40171663865939
"Macro_Forest","crow_island",2025-07-26,16,-1.02187696740656,0.232470413557969,8.85,37.1669465272929,65.964664525658,2,64,53.438,"64",-0.872743344950484
"Macro_Forest","crow_island",2025-07-26,17,-2.91015058150148,0.125845155509688,7.61,29.3695946377061,80.1277390963372,2,65,54.806,"65",-0.221849738996757
"Macro_Forest","crow_island",2025-07-26,18,-2.24445487266062,0.191473996321255,5.77,21.2351162813158,92.9630680598981,2,66,55.742,"66",0.408274417866164
"Macro_Forest","crow_island",2025-07-26,19,-1.96545003885194,0.182355890388444,3.91,13.1871783038939,105.168403232254,2,67,56.426,"67",0.964789172420323
"Macro_Forest","crow_island",2025-07-26,20,-1.88212123974378,0.130900174707168,2.56,5.58831167694911,117.284107106763,2,68,56.498,"68",1.23845117451644
"Macro_Forest","crow_island",2025-07-26,21,-1.54864487551791,0.133024571954336,2.14,-1.21250929903488,129.716592778018,2,69,56.4285714285714,"69",1.29540918475156
"Macro_Forest","crow_island",2025-07-26,22,-1.07101664819455,0.19555817589615,2.78,-6.85847232454143,142.737258505167,2,70,55.418,"70",0.866013941537031
"Macro_Forest","crow_island",2025-07-26,23,-2.20631751159869,0.128159411541944,4.35,-10.9936291180964,156.448162751148,2,71,54.14,"71",0.181246554084739
"Macro_Forest","crow_island",2025-07-27,0,-1.928558035828,0.144156311691027,6.42,-13.306260425427,170.739913899365,3,72,52.61,"72",-0.674029699240986
"Macro_Forest","crow_island",2025-07-27,1,-0.949930215483782,0.216035453123258,8.44,-13.5976396187006,-174.701706819629,3,73,51.8,"73",-1.29902782573028
"Macro_Forest","crow_island",2025-07-27,2,1.10568696281919,0.101296989513005,9.84,-11.8415381833184,-160.294308169859,3,74,51.764,"74",-1.57095904040216
"Macro_Forest","crow_island",2025-07-27,3,0.774107683353363,0.173314428274723,10.19,-8.19307006488283,-146.39539842607,3,75,52.16,"75",-1.51465135428764
"Macro_Forest","crow_island",2025-07-27,4,-0.515611842828565,0.228047771263224,9.32,-2.94003810226438,-133.175941609865,3,76,52.988,"76",-1.09842609660594
"Macro_Forest","crow_island",2025-07-27,5,-2.16637735493129,0.19209286521748,7.35,3.56765373310997,-120.589424813727,3,77,53.978,"77",-0.427505008547524
"Macro_Forest","crow_island",2025-07-27,6,-2.11770640914007,0.134536394972587,4.69,10.970382325705,-108.406802322943,3,78,55.364,"78",0.493522692754769
"Macro_Forest","crow_island",2025-07-27,7,-0.944431653678028,0.0577600664692804,1.95,18.9169102996544,-96.2571873943208,3,79,56.84,"79",1.4570781126768
"Macro_Forest","crow_island",2025-07-27,8,-0.745207245305701,0.00422082714090229,-0.26,27.0506952668837,-83.6391571753987,3,80,57.578,"80",2.0953857253192
"Macro_Forest","crow_island",2025-07-27,9,-0.790303249221901,0.0237746414868655,-1.43,34.9693924103794,-69.9021104473797,3,81,57.866,"81",2.40179386662949
"Macro_Forest","crow_island",2025-07-27,10,-1.14096878541899,0.0945022168394705,-1.29,42.1597374334917,-54.2412722431273,3,82,57.218,"82",2.17684076586393
"Macro_Forest","crow_island",2025-07-27,11,-1.07626283612979,0.082180912275062,0.08,47.9249256179091,-35.8539893572896,3,83,55.778,"83",1.47962620694659
"Macro_Forest","crow_island",2025-07-27,12,-2.41105080689747,0.169265450900265,2.33,51.3968246300823,-14.5438331694719,3,84,54.554,"84",0.684716201675595
"Macro_Forest","crow_island",2025-07-27,13,-2.69887572580774,0.148216708585772,4.91,51.828990669349,8.35869027557772,3,85,53.96,"85",0.0216530679493663
"Macro_Forest","crow_island",2025-07-27,14,-0.504507925287659,0.174128301559775,7.22,49.1116532102345,30.3008389146871,3,86,53.798,"86",-0.458520360337465
"Macro_Forest","crow_island",2025-07-27,15,-0.26793433038427,0.178071093338639,8.74,43.866523245662,49.4988543720827,3,87,54.284,"87",-0.592616358402897
"Macro_Forest","crow_island",2025-07-27,16,-0.308234507451406,0.226357867070559,9.18,36.9726139939074,65.8180701153918,3,88,54.482,"88",-0.613843972739168
"Macro_Forest","crow_island",2025-07-27,17,-2.54847296907041,0.150792002523459,8.49,29.1810650259465,79.9827109919253,3,89,54.896,"89",-0.358213337727185
"Macro_Forest","crow_island",2025-07-27,18,-2.6253559302883,0.104229292627369,6.94,21.0475737873596,92.8254499421897,3,90,55.508,"90",0.118438341860208
"Macro_Forest","crow_island",2025-07-27,19,-1.27047736058378,0.178579861902723,4.99,12.9964628387084,105.041096862004,3,91,55.976,"91",0.625435896198613
"Macro_Forest","crow_island",2025-07-27,20,-1.27136233984166,0.124812505747785,3.22,5.39117384564466,117.169630630016,3,92,56.264,"92",1.04365111085276
"Macro_Forest","crow_island",2025-07-27,21,-1.24114339408209,0.0954431674562721,2.11,-1.41819964724192,129.618381993792,3,93,56.66,"93",1.37202267543732
"Macro_Forest","crow_island",2025-07-27,22,-1.23413201695515,0.14652765491555,1.99,-7.07338880464389,142.660136610037,3,94,56.822,"94",1.44410028601909
"Macro_Forest","crow_island",2025-07-27,23,-0.5653731361968,0.201378458506353,2.88,-11.2166005527545,156.397887900523,3,95,56.444,"95",1.16224867009538
"Macro_Forest","middle_island",2025-07-24,0,0.156576780913388,0.155124967206015,10.81,-12.6557939796376,170.805906287251,0,0,50.918,"0",-2.01134283207594
"Macro_Forest","middle_island",2025-07-24,1,-0.076715503480722,0.156486161414329,10.78,-12.944074088172,-174.733787933515,0,1,51.692,"1",-1.76821954237997
"Macro_Forest","middle_island",2025-07-24,2,0.383300575851773,0.141803476360303,9.54,-11.1983721870958,-160.420718185643,0,2,52.826,"2",-1.18913821941169
"Macro_Forest","middle_island",2025-07-24,3,-0.114730837801553,0.200441518508384,7.27,-7.57061901114552,-146.603377338829,0,3,53.924,"3",-0.429169464072677
"Macro_Forest","middle_island",2025-07-24,4,-0.430929801081379,0.221287717350234,4.37,-2.34323811150113,-133.44936202526,0,4,54.878,"4",0.404004544132493
"Macro_Forest","middle_island",2025-07-24,5,-1.28116285777865,0.157762134631788,1.46,4.13937785402077,-120.913863799231,0,5,55.742,"5",1.2114218947195
"Macro_Forest","middle_island",2025-07-24,6,-0.861490853416817,0.160574669845421,-0.86,11.5221507817358,-108.771705028048,0,6,56.56,"6",1.89477867866656
"Macro_Forest","middle_island",2025-07-24,7,-0.887873991775343,0.11206928242124,-2.09,19.4573745561641,-96.6552253298297,0,7,57.155,"7",2.30658278746734
"Macro_Forest","middle_island",2025-07-24,8,-1.03806801136289,0.124411832810213,-2.02,27.591401682914,-84.0632173752222,0,8,57.056,"8",2.26315650918595
"Macro_Forest","middle_island",2025-07-24,9,-0.3485707153175,0.171022832870213,-0.72,35.5242381482475,-70.3390639486689,0,9,54.815,"9",1.33316714014446
"Macro_Forest","middle_island",2025-07-24,10,-0.743348068794772,0.198527986506447,1.49,42.7432920761316,-54.6601978640068,0,10,51.98,"10",0.0513109915171219
"Macro_Forest","middle_island",2025-07-24,11,-0.911403463723629,0.198963865414375,4.07,48.5469806017719,-36.1897524816493,0,11,50.198,"11",-0.976337578904431
"Macro_Forest","middle_island",2025-07-24,12,-0.615528908967052,0.198217465283997,6.43,52.0515263152433,-14.6988299078319,0,12,50.09,"12",-1.44925619799892
"Macro_Forest","middle_island",2025-07-24,13,-0.105571821235431,0.208871048575242,8.08,52.489005068445,8.4497574072295,0,13,50.054,"13",-1.76777369323073
"Macro_Forest","middle_island",2025-07-24,14,-0.359563014700961,0.21679382674316,8.7,49.745827049313,30.5983974360971,0,14,50.504,"14",-1.74520712481661
"Macro_Forest","middle_island",2025-07-24,15,-1.03313676121731,0.226422018695046,8.24,44.4628455078008,49.9050921254382,0,15,51.998,"15",-1.20099456183311
"Macro_Forest","middle_island",2025-07-24,16,0.473435556600871,0.163540324852936,6.95,37.5377321200415,66.2569915323637,0,16,53.15,"16",-0.607071960984727
"Macro_Forest","middle_island",2025-07-24,17,-0.476181728962464,0.202827638446288,5.3,29.7289949040218,80.4155882944541,0,17,53.906,"17",-0.0675935950284714
"Macro_Forest","middle_island",2025-07-24,18,-0.170817141695178,0.173310486342148,3.82,21.5927149061982,93.2356345546969,0,18,54.248,"18",0.313153599480473
"Macro_Forest","middle_island",2025-07-24,19,1.0724602207345,0.102767483289167,3.01,13.5511974342056,105.420487996741,0,19,54.752,"19",0.618765758001783
"Macro_Forest","middle_island",2025-07-24,20,1.3373691018012,0.0941520943621879,3.15,5.96516819206574,117.511162030302,0,20,54.788,"20",0.603725484424438
"Macro_Forest","middle_island",2025-07-24,21,1.4735249817785,0.0642163520547925,4.27,-0.818576398509874,129.912232713903,0,21,53.672,"21",0.0525295978930328
"Macro_Forest","middle_island",2025-07-24,22,1.27641666508188,0.137134940457171,6.1,-6.44603640380355,142.892369511824,0,22,51.746,"22",-0.87955230499359
"Macro_Forest","middle_island",2025-07-24,23,1.41843510451333,0.0807076948188215,8.19,-10.564820809344,156.551762422524,0,23,50.342,"23",-1.69988730838733
"Macro_Forest","middle_island",2025-07-25,0,1.0115159617435,0.107524259586276,9.96,-12.8670097780341,170.78208538511,1,24,50.522,"24",-1.97447795707059
"Macro_Forest","middle_island",2025-07-25,1,0.666222861234665,0.14225485110407,10.9,-13.156647733123,-174.725795000339,1,25,50.594,"25",-2.12754628490351
"Macro_Forest","middle_island",2025-07-25,2,0.619487160252135,0.147936151888475,10.65,-11.4079109143245,-160.38204582464,1,26,50.972,"26",-1.96495554721324
"Macro_Forest","middle_island",2025-07-25,3,-0.103177763856821,0.176776302871886,9.14,-7.7737301107509,-146.538086452387,1,27,51.98,"27",-1.374229193617
"Macro_Forest","middle_island",2025-07-25,4,0.62750382922535,0.151765741576831,6.63,-2.5382516798652,-133.362638809036,1,28,53.384,"28",-0.475629238882563
"Macro_Forest","middle_island",2025-07-25,5,-0.772693549357409,0.239528964024627,3.62,3.95235069271658,-120.810382823149,1,29,54.95,"29",0.565859472884753
"Macro_Forest","middle_island",2025-07-25,6,-0.232164551269244,0.195871766791783,0.75,11.3415200377374,-108.65491818692,1,30,56.228,"30",1.49287551924873
"Macro_Forest","middle_island",2025-07-25,7,0.189759587214583,0.163274635050232,-1.36,19.2803958179367,-96.5275585255752,1,31,57.272,"31",2.20645698972504
"Macro_Forest","middle_island",2025-07-25,8,0.903318503512306,0.131816831329685,-2.25,27.4143831088427,-83.9270440144496,1,32,57.65,"32",2.48830860564876
"Macro_Forest","middle_island",2025-07-25,9,1.08981349723344,0.120333930673774,-1.77,35.3427201810102,-70.1987394432387,1,33,57.074,"33",2.22209425039412
"Macro_Forest","middle_island",2025-07-25,10,1.29216526798853,0.101282104794282,-0.09,42.5525984604896,-54.5259234123506,1,34,54.86,"34",1.22957976755369
"Macro_Forest","middle_island",2025-07-25,11,1.21357633262158,0.0888402048785262,2.39,48.3440048173306,-36.082982929561,1,35,51.836,"35",-0.160591792643547
"Macro_Forest","middle_island",2025-07-25,12,0.531736987502808,0.121640226406887,5.06,51.8382952345541,-14.6516802128336,1,36,50.648,"36",-1.02271870571901
"Macro_Forest","middle_island",2025-07-25,13,-0.0570506678159265,0.163284225936716,7.33,52.2745626592296,8.41603161862549,1,37,50.018,"37",-1.63906289508714
"Macro_Forest","middle_island",2025-07-25,14,0.103791492110054,0.156860015872353,8.7,49.5403439871589,30.4973288699119,1,38,50.216,"38",-1.83359147310638
"Macro_Forest","middle_island",2025-07-25,15,-0.769586069672185,0.195186820559568,8.93,44.270084493337,49.7691315489031,1,39,50.936,"39",-1.65548998049709
"Macro_Forest","middle_island",2025-07-25,16,-0.0441685506212782,0.165449845626152,8.07,37.3553354130546,66.1110084156784,1,40,52.556,"40",-0.998071216240914
"Macro_Forest","middle_island",2025-07-25,17,0.796201402430088,0.125821320547276,6.47,29.5522528881516,80.2720644792768,1,41,53.726,"41",-0.340857605730094
"Macro_Forest","middle_island",2025-07-25,18,0.732062275137138,0.110909912435584,4.64,21.4168450151782,93.0998246783987,1,42,54.662,"42",0.287403099910427
"Macro_Forest","middle_island",2025-07-25,19,1.32531903877794,0.090364576922635,3.16,13.372105779394,105.294891156129,1,43,55.04,"43",0.679198337955596
"Macro_Forest","middle_island",2025-07-25,20,1.25722713378192,0.111063274044904,2.5,5.77966047144579,117.397971475137,1,44,55.04,"44",0.802186118633834
"Macro_Forest","middle_island",2025-07-25,21,1.16061934586227,0.118269597573665,2.87,-1.01261590535618,129.814560528167,1,45,54.356,"45",0.523325596216907
"Macro_Forest","middle_island",2025-07-25,22,1.29910597061651,0.125457901860737,4.23,-6.64933417693375,142.814684547721,1,46,52.79,"46",-0.210693663854814
"Macro_Forest","middle_island",2025-07-25,23,0.47594215404715,0.153499998484615,6.23,-10.7763468147072,156.499467517673,1,47,51.692,"47",-0.920349236189091
"Macro_Forest","middle_island",2025-07-26,0,0.729804434272431,0.155046277902187,8.36,-13.0838555202397,170.760075407061,2,48,50.846,"48",-1.57689336966098
"Macro_Forest","middle_island",2025-07-26,1,0.692537703892861,0.120988436959563,10.02,-13.3745281725787,-174.715111988092,2,49,50.378,"49",-2.02985083854986
"Macro_Forest","middle_island",2025-07-26,2,0.712677112983743,0.075709527770659,10.71,-11.6223261077925,-160.339917038866,2,50,50.972,"50",-1.97613625454763
"Macro_Forest","middle_island",2025-07-26,3,0.820828314954846,0.0887518800554313,10.16,-7.98124085638878,-146.46876413707,2,51,51.782,"51",-1.62506545775077
"Macro_Forest","middle_island",2025-07-26,4,0.577298642598152,0.140471211472724,8.38,-2.73721171429283,-133.271498106597,2,52,52.664,"52",-1.02269407352657
"Macro_Forest","middle_island",2025-07-26,5,-0.706323363054504,0.205034323899709,5.72,3.76175043492,-120.702231227302,2,53,54.068,"53",-0.09614235045617
"Macro_Forest","middle_island",2025-07-26,6,-0.197919983761291,0.197094868348961,2.75,11.1575733582929,-108.533274055421,2,54,55.18,"54",0.798564451825868
"Macro_Forest","middle_island",2025-07-26,7,0.411653945733355,0.171649139674664,0.11,19.1002191047219,-96.3948646782733,2,55,56.39,"55",1.66185259339517
"Macro_Forest","middle_island",2025-07-26,8,0.693460346193284,0.156211426181257,-1.59,27.2341274163082,-83.7856711846787,2,56,57.236,"56",2.23826832430397
"Macro_Forest","middle_island",2025-07-26,9,0.970575849767017,0.123644247541835,-2,35.1577524969482,-70.053063613237,2,57,57.758,"57",2.47486645569748
"Macro_Forest","middle_island",2025-07-26,10,0.29047982818708,0.145506025837323,-1.06,42.3580610316431,-54.3862522083801,2,58,56.714,"58",1.97930877824168
"Macro_Forest","middle_island",2025-07-26,11,-0.462260277943292,0.17519416534489,0.96,48.1366321311929,-35.9710321412929,2,59,54.104,"59",0.801908474941284
"Macro_Forest","middle_island",2025-07-26,12,-0.449609178748546,0.17491460275648,3.58,51.6200375257765,-14.5999956045583,2,60,51.854,"60",-0.376818466340743
"Macro_Forest","middle_island",2025-07-26,13,-1.35412864803174,0.222896255839319,6.17,52.0545329340115,8.38567172663834,2,61,50.72,"61",-1.2074657043327
"Macro_Forest","middle_island",2025-07-26,14,-1.59404828669796,0.199883521503432,8.14,49.3289300287215,30.3981161312356,2,62,50.864,"62",-1.53037342100013
"Macro_Forest","middle_island",2025-07-26,15,-0.525134312520803,0.192234109239439,9.08,44.0712914328858,49.6336823554764,2,63,51.854,"63",-1.40171663865939
"Macro_Forest","middle_island",2025-07-26,16,-1.54135278265266,0.180530737039621,8.85,37.1669465272929,65.964664525658,2,64,53.438,"64",-0.872743344950484
"Macro_Forest","middle_island",2025-07-26,17,-1.9048748616075,0.21017829848577,7.61,29.3695946377061,80.1277390963372,2,65,54.806,"65",-0.221849738996757
"Macro_Forest","middle_island",2025-07-26,18,-1.21023426145489,0.197286582856188,5.77,21.2351162813158,92.9630680598981,2,66,55.742,"66",0.408274417866164
"Macro_Forest","middle_island",2025-07-26,19,-0.993378587768697,0.207088869466147,3.91,13.1871783038939,105.168403232254,2,67,56.426,"67",0.964789172420323
"Macro_Forest","middle_island",2025-07-26,20,-0.522304948597606,0.188391796439448,2.56,5.58831167694911,117.284107106763,2,68,56.498,"68",1.23845117451644
"Macro_Forest","middle_island",2025-07-26,21,-0.0507128488165335,0.17803964313382,2.14,-1.21250929903488,129.716592778018,2,69,56.4285714285714,"69",1.29540918475156
"Macro_Forest","middle_island",2025-07-26,22,0.996303160397435,0.128415895597299,2.78,-6.85847232454143,142.737258505167,2,70,55.418,"70",0.866013941537031
"Macro_Forest","middle_island",2025-07-26,23,0.13095704824073,0.169803963229974,4.35,-10.9936291180964,156.448162751148,2,71,54.14,"71",0.181246554084739
"Macro_Forest","middle_island",2025-07-27,0,0.169673805883759,0.192761939070809,6.42,-13.306260425427,170.739913899365,3,72,52.61,"72",-0.674029699240986
"Macro_Forest","middle_island",2025-07-27,1,-0.0703092551740604,0.200403762848002,8.44,-13.5976396187006,-174.701706819629,3,73,51.8,"73",-1.29902782573028
"Macro_Forest","middle_island",2025-07-27,2,0.140125364974563,0.204169029215884,9.84,-11.8415381833184,-160.294308169859,3,74,51.764,"74",-1.57095904040216
"Macro_Forest","middle_island",2025-07-27,3,-0.406348485828037,0.206909378712127,10.19,-8.19307006488283,-146.39539842607,3,75,52.16,"75",-1.51465135428764
"Macro_Forest","middle_island",2025-07-27,4,-1.39684828343819,0.218578657666157,9.32,-2.94003810226438,-133.175941609865,3,76,52.988,"76",-1.09842609660594
"Macro_Forest","middle_island",2025-07-27,5,-1.41107628074241,0.244085295715403,7.35,3.56765373310997,-120.589424813727,3,77,53.978,"77",-0.427505008547524
"Macro_Forest","middle_island",2025-07-27,6,-1.03215647655965,0.198299216453642,4.69,10.970382325705,-108.406802322943,3,78,55.364,"78",0.493522692754769
"Macro_Forest","middle_island",2025-07-27,7,-0.759213742525373,0.177640243133857,1.95,18.9169102996544,-96.2571873943208,3,79,56.84,"79",1.4570781126768
"Macro_Forest","middle_island",2025-07-27,8,-0.502813199502559,0.156893306319864,-0.26,27.0506952668837,-83.6391571753987,3,80,57.578,"80",2.0953857253192
"Macro_Forest","middle_island",2025-07-27,9,0.277887727476398,0.173468648565074,-1.43,34.9693924103794,-69.9021104473797,3,81,57.866,"81",2.40179386662949
"Macro_Forest","middle_island",2025-07-27,10,0.0772174094587698,0.209125052590391,-1.29,42.1597374334917,-54.2412722431273,3,82,57.218,"82",2.17684076586393
"Macro_Forest","middle_island",2025-07-27,11,1.13983027439917,0.124866486809611,0.08,47.9249256179091,-35.8539893572896,3,83,55.778,"83",1.47962620694659
"Macro_Forest","middle_island",2025-07-27,12,0.83195138308182,0.142830620589499,2.33,51.3968246300823,-14.5438331694719,3,84,54.554,"84",0.684716201675595
"Macro_Forest","middle_island",2025-07-27,13,-0.331587183124007,0.232438956647383,4.91,51.828990669349,8.35869027557772,3,85,53.96,"85",0.0216530679493663
"Macro_Forest","middle_island",2025-07-27,14,-0.586091436227856,0.206106517531234,7.22,49.1116532102345,30.3008389146871,3,86,53.798,"86",-0.458520360337465
"Macro_Forest","middle_island",2025-07-27,15,-0.407962445791733,0.200387629188287,8.74,43.866523245662,49.4988543720827,3,87,54.284,"87",-0.592616358402897
"Macro_Forest","middle_island",2025-07-27,16,-1.41398400550337,0.182913072341032,9.18,36.9726139939074,65.8180701153918,3,88,54.482,"88",-0.613843972739168
"Macro_Forest","middle_island",2025-07-27,17,-1.20144211030303,0.202684865418073,8.49,29.1810650259465,79.9827109919253,3,89,54.896,"89",-0.358213337727185
"Macro_Forest","middle_island",2025-07-27,18,-1.20511914015142,0.232416916911391,6.94,21.0475737873596,92.8254499421897,3,90,55.508,"90",0.118438341860208
"Macro_Forest","middle_island",2025-07-27,19,-1.11557821138264,0.190048978070879,4.99,12.9964628387084,105.041096862004,3,91,55.976,"91",0.625435896198613
"Macro_Forest","middle_island",2025-07-27,20,-0.400547143610252,0.198036613841039,3.22,5.39117384564466,117.169630630016,3,92,56.264,"92",1.04365111085276
"Macro_Forest","middle_island",2025-07-27,21,0.631061225871219,0.178309099334991,2.11,-1.41819964724192,129.618381993792,3,93,56.66,"93",1.37202267543732
"Macro_Forest","middle_island",2025-07-27,22,0.18364442491963,0.168632898596108,1.99,-7.07338880464389,142.660136610037,3,94,56.822,"94",1.44410028601909
"Macro_Forest","middle_island",2025-07-27,23,0.304620234208721,0.158283240524086,2.88,-11.2166005527545,156.397887900523,3,95,56.444,"95",1.16224867009538
