"method","predictor","TYPE","site","r","r2","n"
"pooled","tide","Barren",NA,-0.321,0.103,288
"pooled","tide","Macro_Forest",NA,-0.017,0,288
"pooled","elevation","Barren",NA,-0.044,0.002,288
"pooled","elevation","Macro_Forest",NA,-0.236,0.056,288
"site_averaged","tide","Barren",NA,-0.768,0.589,96
"site_averaged","tide","Macro_Forest",NA,-0.034,0.001,96
"site_averaged","elevation","Barren",NA,-0.105,0.011,96
"site_averaged","elevation","Macro_Forest",NA,-0.489,0.239,96
"per_site","tide","Barren","harris_island",-0.682,0.465,96
"per_site","tide","Barren","sandy_cove",-0.644,0.414,96
"per_site","tide","Barren","samsing_cove",-0.116,0.014,96
"per_site","tide","Macro_Forest","battery_island",-0.434,0.189,96
"per_site","tide","Macro_Forest","crow_island",0.293,0.086,96
"per_site","tide","Macro_Forest","middle_island",-0.144,0.021,96
"per_site","elevation","Barren","harris_island",-0.082,0.007,96
"per_site","elevation","Barren","sandy_cove",0.051,0.003,96
"per_site","elevation","Barren","samsing_cove",-0.215,0.046,96
"per_site","elevation","Macro_Forest","battery_island",0.07,0.005,96
"per_site","elevation","Macro_Forest","crow_island",-0.473,0.223,96
"per_site","elevation","Macro_Forest","middle_island",-0.275,0.076,96
