type,site,date,hour,pc1,tide,elevation,azimuth
Barren,harris_island,2025-07-23,16,-0.6961856237197558,5.75,37.71409109695983,66.40249981228489
Barren,harris_island,2025-07-23,17,0.34676754380337593,4.4,29.89977878170126,80.55820883047828
Barren,harris_island,2025-07-23,18,-0.21714365138511035,3.57,21.76268373785668,93.37041006145724
Barren,harris_island,2025-07-23,19,-0.22817840937252465,3.57,13.724408153438347,105.5451189332595
Barren,harris_island,2025-07-23,20,-0.6359217338936906,4.47,6.1447853353993445,117.62361492246124
Barren,harris_island,2025-07-23,21,-0.5661761499403719,6.09,-0.6304453978138045,130.00955462563155
Barren,harris_island,2025-07-23,22,-1.1905960483323683,8.03,-6.248638991147018,142.9702659411
Barren,harris_island,2025-07-23,23,-0.8682758546898838,9.77,-10.35911650395668,156.60500544734046
Barren,harris_island,2025-07-24,0,0.4844115770845688,10.81,-12.65579397963762,170.8059062872511
Barren,harris_island,2025-07-24,1,-1.5143861130773584,10.78,-12.944074088172016,-174.73378793351483
Barren,harris_island,2025-07-24,2,-1.1215901745227268,9.54,-11.198372187095789,-160.4207181856432
Barren,harris_island,2025-07-24,3,-1.5012102423422096,7.27,-7.570619011145519,-146.60337733882878
Barren,harris_island,2025-07-24,4,-0.8056239775531886,4.37,-2.343238111501132,-133.44936202526017
Barren,harris_island,2025-07-24,5,0.5377702126159536,1.46,4.1393778540207675,-120.91386379923051
Barren,harris_island,2025-07-24,6,0.9961803563910234,-0.86,11.522150781735796,-108.77170502804842
Barren,harris_island,2025-07-24,7,-0.11854998156294833,-2.09,19.45737455616412,-96.65522532982975
Barren,harris_island,2025-07-24,8,-0.12912293861370547,-2.02,27.591401682914015,-84.06321737522224
Barren,harris_island,2025-07-24,9,-0.6834143146147521,-0.72,35.524238148247484,-70.33906394866887
Barren,harris_island,2025-07-24,10,-1.1902884266339273,1.49,42.74329207613156,-54.66019786400683
Barren,harris_island,2025-07-24,11,-1.3513664832500893,4.07,48.5469806017719,-36.18975248164933
Barren,harris_island,2025-07-24,12,-2.194729386812309,6.43,52.05152631524333,-14.698829907831911
Barren,harris_island,2025-07-24,13,-1.2099759861684056,8.08,52.489005068445046,8.4497574072295
Barren,harris_island,2025-07-24,14,-1.859806471240774,8.7,49.745827049312965,30.59839743609707
Barren,harris_island,2025-07-24,15,-1.981390456779926,8.24,44.46284550780079,49.90509212543824
Barren,harris_island,2025-07-24,16,-2.316299358571488,6.95,37.53773212004147,66.25699153236368
Barren,harris_island,2025-07-24,17,-1.9524569077497929,5.3,29.728994904021786,80.4155882944541
Barren,harris_island,2025-07-24,18,-0.2599255427925621,3.82,21.592714906198204,93.23563455469692
Barren,harris_island,2025-07-24,19,-0.05334304883828668,3.01,13.551197434205573,105.42048799674062
Barren,harris_island,2025-07-24,20,-1.1500204431922325,3.15,5.965168192065745,117.51116203030182
Barren,harris_island,2025-07-24,21,0.1702797424437775,4.27,-0.8185763985098741,129.91223271390288
Barren,harris_island,2025-07-24,22,0.29163964751038396,6.1,-6.446036403803551,142.8923695118242
Barren,harris_island,2025-07-24,23,0.07424744714479842,8.19,-10.564820809343976,156.55176242252395
Barren,harris_island,2025-07-25,0,-1.0944885693701865,9.96,-12.867009778034136,170.78208538511046
Barren,harris_island,2025-07-25,1,-1.7002905026735768,10.9,-13.156647733123021,-174.72579500033893
Barren,harris_island,2025-07-25,2,-1.8478726904930745,10.65,-11.407910914324527,-160.38204582463962
Barren,harris_island,2025-07-25,3,-1.5472982439010639,9.14,-7.773730110750899,-146.53808645238718
Barren,harris_island,2025-07-25,4,-1.2373046132945869,6.63,-2.538251679865195,-133.36263880903581
Barren,harris_island,2025-07-25,5,0.056435572515411175,3.62,3.9523506927165752,-120.81038282314945
Barren,harris_island,2025-07-25,6,0.9105725830015516,0.75,11.341520037737395,-108.65491818692048
Barren,harris_island,2025-07-25,7,1.3326687819669825,-1.36,19.280395817936654,-96.52755852557516
Barren,harris_island,2025-07-25,8,0.3022600986992224,-2.25,27.414383108842706,-83.92704401444965
Barren,harris_island,2025-07-25,9,0.1287356323984652,-1.77,35.34272018101024,-70.19873944323871
Barren,harris_island,2025-07-25,10,0.3796751221029931,-0.09,42.55259846048965,-54.52592341235056
Barren,harris_island,2025-07-25,11,-0.4959620120625438,2.39,48.34400481733063,-36.082982929561034
Barren,harris_island,2025-07-25,12,-0.43133525018329233,5.06,51.8382952345541,-14.651680212833554
Barren,harris_island,2025-07-25,13,-0.9793661457516122,7.33,52.27456265922957,8.416031618625494
Barren,harris_island,2025-07-25,14,-1.5377357683360335,8.7,49.54034398715893,30.49732886991194
Barren,harris_island,2025-07-25,15,-2.0924413361394674,8.93,44.27008449333698,49.76913154890311
Barren,harris_island,2025-07-25,16,-1.6549480052188794,8.07,37.35533541305456,66.11100841567843
Barren,harris_island,2025-07-25,17,-0.8266619494116926,6.47,29.552252888151568,80.27206447927678
Barren,harris_island,2025-07-25,18,-0.6323306997795352,4.64,21.41684501517824,93.09982467839872
Barren,harris_island,2025-07-25,19,-0.5325569257455179,3.16,13.372105779393982,105.2948911561286
Barren,harris_island,2025-07-25,20,-0.13416181300874766,2.5,5.779660471445786,117.39797147513654
Barren,harris_island,2025-07-25,21,1.0420698331853846,2.87,-1.0126159053561847,129.81456052816657
Barren,harris_island,2025-07-25,22,-0.05643459874965571,4.23,-6.649334176933751,142.81468454772076
Barren,harris_island,2025-07-25,23,-0.0540279025757347,6.23,-10.776346814707217,156.49946751767322
Barren,harris_island,2025-07-26,0,-0.8962892748107966,8.36,-13.083855520239705,170.76007540706124
Barren,harris_island,2025-07-26,1,-1.249305368367337,10.02,-13.37452817257874,-174.7151119880917
Barren,harris_island,2025-07-26,2,-1.3581964048305575,10.71,-11.622326107792512,-160.3399170388658
Barren,harris_island,2025-07-26,3,-1.0751745500234986,10.16,-7.981240856388781,-146.4687641370699
Barren,harris_island,2025-07-26,4,-0.045231661612045025,8.38,-2.737211714292833,-133.27149810659677
Barren,harris_island,2025-07-26,5,1.1716677921648035,5.72,3.761750434920003,-120.70223122730182
Barren,harris_island,2025-07-26,6,0.6443421056380159,2.75,11.157573358292941,-108.53327405542137
Barren,harris_island,2025-07-26,7,1.3366725909477213,0.11,19.100219104721898,-96.39486467827331
Barren,harris_island,2025-07-26,8,0.6454425308054309,-1.59,27.234127416308226,-83.78567118467873
Barren,harris_island,2025-07-26,9,0.7779335070244765,-2,35.15775249694819,-70.05306361323694
Barren,harris_island,2025-07-26,10,-0.018010939038003975,-1.06,42.358061031643146,-54.3862522083801
Barren,harris_island,2025-07-26,11,0.05474178785965934,0.96,48.1366321311929,-35.97103214129288
Barren,harris_island,2025-07-26,12,0.014203594278809857,3.58,51.620037525776524,-14.59999560455835
Barren,harris_island,2025-07-26,13,-1.1824092585204025,6.17,52.054532934011505,8.385671726638336
Barren,harris_island,2025-07-26,14,-0.8507623851253422,8.14,49.328930028721494,30.39811613123565
Barren,harris_island,2025-07-26,15,-1.5303716938006915,9.08,44.07129143288575,49.63368235547636
Barren,harris_island,2025-07-26,16,-1.1693064844946615,8.85,37.16694652729291,65.96466452565805
Barren,harris_island,2025-07-26,17,-0.6785391338276737,7.61,29.369594637706083,80.12773909633717
Barren,harris_island,2025-07-26,18,0.013580332038227429,5.77,21.235116281315833,92.96306805989809
Barren,harris_island,2025-07-26,19,0.15936915899400675,3.91,13.187178303893917,105.16840323225448
Barren,harris_island,2025-07-26,20,0.8962862879885553,2.56,5.588311676949115,117.28410710676313
Barren,harris_island,2025-07-26,21,1.049085011093215,2.14,-1.2125092990348831,129.71659277801814
Barren,harris_island,2025-07-26,22,0.4404181637037522,2.78,-6.858472324541427,142.7372585051667
Barren,harris_island,2025-07-26,23,0.28927804481756014,4.35,-10.993629118096367,156.44816275114752
Barren,harris_island,2025-07-27,0,-1.4441902127325692,6.42,-13.30626042542698,170.73991389936538
Barren,harris_island,2025-07-27,1,-1.4049717530750834,8.44,-13.597639618700624,-174.70170681962853
Barren,harris_island,2025-07-27,2,-1.5763090128019268,9.84,-11.841538183318423,-160.29430816985882
Barren,harris_island,2025-07-27,3,-1.7857013746013155,10.19,-8.193070064882834,-146.39539842606996
Barren,harris_island,2025-07-27,4,-0.850236731112142,9.32,-2.940038102264376,-133.17594160986548
Barren,harris_island,2025-07-27,5,-0.904576288845577,7.35,3.5676537331099705,-120.58942481372667
Barren,harris_island,2025-07-27,6,0.4794834576215151,4.69,10.970382325705028,-108.4068023229431
Barren,harris_island,2025-07-27,7,0.8719650685572172,1.95,18.916910299654372,-96.25718739432078
Barren,harris_island,2025-07-27,8,1.0279783923461234,-0.26,27.05069526688373,-83.6391571753987
Barren,harris_island,2025-07-27,9,1.0150860417000007,-1.43,34.96939241037941,-69.9021104473797
Barren,harris_island,2025-07-27,10,1.2406143910112093,-1.29,42.15973743349171,-54.24127224312729
Barren,harris_island,2025-07-27,11,1.1866065638546097,0.08,47.92492561790912,-35.853989357289635
Barren,harris_island,2025-07-27,12,-0.24294298586911747,2.33,51.39682463008232,-14.54383316947194
Barren,harris_island,2025-07-27,13,0.5201500862108518,4.91,51.828990669349025,8.358690275577722
Barren,harris_island,2025-07-27,14,-0.14974338996079173,7.22,49.11165321023446,30.30083891468713
Barren,harris_island,2025-07-27,15,-0.06918923816174839,8.74,43.86652324566196,49.49885437208267
Barren,harris_island,2025-07-27,16,-0.6481254351425748,9.18,36.97261399390739,65.8180701153918
Barren,harris_island,2025-07-27,17,-0.8857414026243183,8.49,29.181065025946463,79.98271099192526
Barren,harris_island,2025-07-27,18,0.5592751298301271,6.94,21.047573787359624,92.82544994218975
Barren,harris_island,2025-07-27,19,-0.0530470755557347,4.99,12.996462838708442,105.04109686200358
Barren,harris_island,2025-07-27,20,0.9152794774626029,3.22,5.391173845644661,117.16963063001646
Barren,harris_island,2025-07-27,21,0.21630582476421276,2.11,-1.4181996472419236,129.61838199379184
Barren,harris_island,2025-07-27,22,0.3375807062069654,1.99,-7.073388804643885,142.66013661003714
Barren,harris_island,2025-07-27,23,1.0829852162890488,2.88,-11.216600552754494,156.39788790052322
Barren,harris_island,2025-07-28,0,-0.5084020164574456,4.55,-13.534152254551415,170.72163618667656
Barren,harris_island,2025-07-28,1,-0.2767712897126581,6.54,-13.825905141403675,-174.68554963194134
Barren,harris_island,2025-07-28,2,0.19618583584203267,8.31,-12.065466745982816,-160.2451978349162
Barren,harris_island,2025-07-28,3,0.3675213064540731,9.36,-8.40913609558011,-146.3179797466081
Barren,harris_island,2025-07-28,4,0.02771021952508532,9.36,-3.1466506369699094,-133.07597353280659
Barren,harris_island,2025-07-28,5,0.14347399072841677,8.24,3.370136990096336,-120.47198201243197
Barren,harris_island,2025-07-28,6,-0.17173213466946946,6.22,10.780017979332303,-108.2755353986412
Barren,harris_island,2025-07-28,7,-2.1490158139990827,3.75,18.730534524636756,-96.11457311288669
Barren,harris_island,2025-07-28,8,-1.6803419796780965,1.41,26.864146443523904,-83.48756327862989
Barren,harris_island,2025-07-28,9,-0.3823663228230656,-0.23,34.777696360084725,-69.74595721348278
Barren,harris_island,2025-07-28,10,-0.18800548321078134,-0.79,41.95768459961065,-54.091075199330334
Barren,harris_island,2025-07-28,11,-1.154117349447924,-0.14,47.70894799775675,-35.73194820238021
Barren,harris_island,2025-07-28,12,-2.672716180860178,1.54,51.16872823511632,-14.483255633330854
Barren,harris_island,2025-07-28,13,-2.996140143455592,3.83,51.59801178274646,8.335092776650198
Barren,harris_island,2025-07-28,14,-3.0565684064447876,6.18,48.88858366531452,30.205569973941422
Barren,harris_island,2025-07-28,15,-2.462331330996298,8.05,43.6558395595579,49.36475198068947
Barren,samsing_cove,2025-07-23,16,1.644710116550293,5.75,37.71409109695983,66.40249981228489
Barren,samsing_cove,2025-07-23,17,1.6524545823201344,4.4,29.89977878170126,80.55820883047828
Barren,samsing_cove,2025-07-23,18,1.5664655760604418,3.57,21.76268373785668,93.37041006145724
Barren,samsing_cove,2025-07-23,19,1.6348431052827683,3.57,13.724408153438347,105.5451189332595
Barren,samsing_cove,2025-07-23,20,1.6392509009120528,4.47,6.1447853353993445,117.62361492246124
Barren,samsing_cove,2025-07-23,21,1.6179074252907903,6.09,-0.6304453978138045,130.00955462563155
Barren,samsing_cove,2025-07-23,22,1.561639353191983,8.03,-6.248638991147018,142.9702659411
Barren,samsing_cove,2025-07-23,23,1.5850311563305755,9.77,-10.35911650395668,156.60500544734046
Barren,samsing_cove,2025-07-24,0,1.4472065196517165,10.81,-12.65579397963762,170.8059062872511
Barren,samsing_cove,2025-07-24,1,1.4609381146026221,10.78,-12.944074088172016,-174.73378793351483
Barren,samsing_cove,2025-07-24,2,1.4941396812887424,9.54,-11.198372187095789,-160.4207181856432
Barren,samsing_cove,2025-07-24,3,1.5484407227773167,7.27,-7.570619011145519,-146.60337733882878
Barren,samsing_cove,2025-07-24,4,1.6035448024349328,4.37,-2.343238111501132,-133.44936202526017
Barren,samsing_cove,2025-07-24,5,1.5659033968708693,1.46,4.1393778540207675,-120.91386379923051
Barren,samsing_cove,2025-07-24,6,1.6197945084652334,-0.86,11.522150781735796,-108.77170502804842
Barren,samsing_cove,2025-07-24,7,1.5947309917235346,-2.09,19.45737455616412,-96.65522532982975
Barren,samsing_cove,2025-07-24,8,1.4266672643210754,-2.02,27.591401682914015,-84.06321737522224
Barren,samsing_cove,2025-07-24,9,1.6511034440770822,-0.72,35.524238148247484,-70.33906394866887
Barren,samsing_cove,2025-07-24,10,1.6703405512256004,1.49,42.74329207613156,-54.66019786400683
Barren,samsing_cove,2025-07-24,11,1.456099642960736,4.07,48.5469806017719,-36.18975248164933
Barren,samsing_cove,2025-07-24,12,1.533084832232874,6.43,52.05152631524333,-14.698829907831911
Barren,samsing_cove,2025-07-24,13,1.6185634385131162,8.08,52.489005068445046,8.4497574072295
Barren,samsing_cove,2025-07-24,14,1.4919402382414573,8.7,49.745827049312965,30.59839743609707
Barren,samsing_cove,2025-07-24,15,1.6103358287177116,8.24,44.46284550780079,49.90509212543824
Barren,samsing_cove,2025-07-24,16,1.6490705596644128,6.95,37.53773212004147,66.25699153236368
Barren,samsing_cove,2025-07-24,17,1.6828835595913922,5.3,29.728994904021786,80.4155882944541
Barren,samsing_cove,2025-07-24,18,1.6819183203806252,3.82,21.592714906198204,93.23563455469692
Barren,samsing_cove,2025-07-24,19,1.6808245321148534,3.01,13.551197434205573,105.42048799674062
Barren,samsing_cove,2025-07-24,20,1.6676583643695526,3.15,5.965168192065745,117.51116203030182
Barren,samsing_cove,2025-07-24,21,1.6748294926783367,4.27,-0.8185763985098741,129.91223271390288
Barren,samsing_cove,2025-07-24,22,1.6281558301893844,6.1,-6.446036403803551,142.8923695118242
Barren,samsing_cove,2025-07-24,23,1.6325965616656666,8.19,-10.564820809343976,156.55176242252395
Barren,samsing_cove,2025-07-25,0,1.5823455028652464,9.96,-12.867009778034136,170.78208538511046
Barren,samsing_cove,2025-07-25,1,1.6498477921450865,10.9,-13.156647733123021,-174.72579500033893
Barren,samsing_cove,2025-07-25,2,1.565223992873518,10.65,-11.407910914324527,-160.38204582463962
Barren,samsing_cove,2025-07-25,3,1.6143695569157452,9.14,-7.773730110750899,-146.53808645238718
Barren,samsing_cove,2025-07-25,4,1.622019707370859,6.63,-2.538251679865195,-133.36263880903581
Barren,samsing_cove,2025-07-25,5,1.6827073906692516,3.62,3.9523506927165752,-120.81038282314945
Barren,samsing_cove,2025-07-25,6,1.697860191349217,0.75,11.341520037737395,-108.65491818692048
Barren,samsing_cove,2025-07-25,7,1.5674543088200936,-1.36,19.280395817936654,-96.52755852557516
Barren,samsing_cove,2025-07-25,8,1.6986896633938227,-2.25,27.414383108842706,-83.92704401444965
Barren,samsing_cove,2025-07-25,9,1.6983480316505977,-1.77,35.34272018101024,-70.19873944323871
Barren,samsing_cove,2025-07-25,10,1.6681623850077456,-0.09,42.55259846048965,-54.52592341235056
Barren,samsing_cove,2025-07-25,11,1.5902264749536483,2.39,48.34400481733063,-36.082982929561034
Barren,samsing_cove,2025-07-25,12,1.5873831769434374,5.06,51.8382952345541,-14.651680212833554
Barren,samsing_cove,2025-07-25,13,1.6304743295784108,7.33,52.27456265922957,8.416031618625494
Barren,samsing_cove,2025-07-25,14,1.6339642879629317,8.7,49.54034398715893,30.49732886991194
Barren,samsing_cove,2025-07-25,15,1.5913912187200367,8.93,44.27008449333698,49.76913154890311
Barren,samsing_cove,2025-07-25,16,1.492431888979948,8.07,37.35533541305456,66.11100841567843
Barren,samsing_cove,2025-07-25,17,1.609919611154252,6.47,29.552252888151568,80.27206447927678
Barren,samsing_cove,2025-07-25,18,1.5882980176607826,4.64,21.41684501517824,93.09982467839872
Barren,samsing_cove,2025-07-25,19,1.6371114946287482,3.16,13.372105779393982,105.2948911561286
Barren,samsing_cove,2025-07-25,20,1.6205937630905938,2.5,5.779660471445786,117.39797147513654
Barren,samsing_cove,2025-07-25,21,1.6726201088287878,2.87,-1.0126159053561847,129.81456052816657
Barren,samsing_cove,2025-07-25,22,1.6554276364395666,4.23,-6.649334176933751,142.81468454772076
Barren,samsing_cove,2025-07-25,23,1.6225360880704098,6.23,-10.776346814707217,156.49946751767322
Barren,samsing_cove,2025-07-26,0,1.633470344548738,8.36,-13.083855520239705,170.76007540706124
Barren,samsing_cove,2025-07-26,1,1.4819352803438766,10.02,-13.37452817257874,-174.7151119880917
Barren,samsing_cove,2025-07-26,2,1.5096234365393744,10.71,-11.622326107792512,-160.3399170388658
Barren,samsing_cove,2025-07-26,3,1.5884397188964279,10.16,-7.981240856388781,-146.4687641370699
Barren,samsing_cove,2025-07-26,4,1.6440216722076701,8.38,-2.737211714292833,-133.27149810659677
Barren,samsing_cove,2025-07-26,5,1.4608136287486078,5.72,3.761750434920003,-120.70223122730182
Barren,samsing_cove,2025-07-26,6,1.602457024725104,2.75,11.157573358292941,-108.53327405542137
Barren,samsing_cove,2025-07-26,7,1.6467260427077715,0.11,19.100219104721898,-96.39486467827331
Barren,samsing_cove,2025-07-26,8,1.6104208981066208,-1.59,27.234127416308226,-83.78567118467873
Barren,samsing_cove,2025-07-26,9,1.648398552268504,-2,35.15775249694819,-70.05306361323694
Barren,samsing_cove,2025-07-26,10,1.5202101887425408,-1.06,42.358061031643146,-54.3862522083801
Barren,samsing_cove,2025-07-26,11,1.4294060389107055,0.96,48.1366321311929,-35.97103214129288
Barren,samsing_cove,2025-07-26,12,1.4830866601138817,3.58,51.620037525776524,-14.59999560455835
Barren,samsing_cove,2025-07-26,13,1.3970396906248834,6.17,52.054532934011505,8.385671726638336
Barren,samsing_cove,2025-07-26,14,1.4176239632065617,8.14,49.328930028721494,30.39811613123565
Barren,samsing_cove,2025-07-26,15,1.5969232353335001,9.08,44.07129143288575,49.63368235547636
Barren,samsing_cove,2025-07-26,16,1.650668053354408,8.85,37.16694652729291,65.96466452565805
Barren,samsing_cove,2025-07-26,17,1.621042327070228,7.61,29.369594637706083,80.12773909633717
Barren,samsing_cove,2025-07-26,18,1.6876837811817136,5.77,21.235116281315833,92.96306805989809
Barren,samsing_cove,2025-07-26,19,1.686507570507239,3.91,13.187178303893917,105.16840323225448
Barren,samsing_cove,2025-07-26,20,1.6343672806223941,2.56,5.588311676949115,117.28410710676313
Barren,samsing_cove,2025-07-26,21,1.6677760685823773,2.14,-1.2125092990348831,129.71659277801814
Barren,samsing_cove,2025-07-26,22,1.4182158255659558,2.78,-6.858472324541427,142.7372585051667
Barren,samsing_cove,2025-07-26,23,1.5802186904808022,4.35,-10.993629118096367,156.44816275114752
Barren,samsing_cove,2025-07-27,0,1.5173720796008763,6.42,-13.30626042542698,170.73991389936538
Barren,samsing_cove,2025-07-27,1,1.4122261247034436,8.44,-13.597639618700624,-174.70170681962853
Barren,samsing_cove,2025-07-27,2,1.55069577456849,9.84,-11.841538183318423,-160.29430816985882
Barren,samsing_cove,2025-07-27,3,1.5004929549823065,10.19,-8.193070064882834,-146.39539842606996
Barren,samsing_cove,2025-07-27,4,1.653925887297614,9.32,-2.940038102264376,-133.17594160986548
Barren,samsing_cove,2025-07-27,5,1.6458153537225688,7.35,3.5676537331099705,-120.58942481372667
Barren,samsing_cove,2025-07-27,6,1.4196464075956186,4.69,10.970382325705028,-108.4068023229431
Barren,samsing_cove,2025-07-27,7,1.66637286577394,1.95,18.916910299654372,-96.25718739432078
Barren,samsing_cove,2025-07-27,8,1.661056727092929,-0.26,27.05069526688373,-83.6391571753987
Barren,samsing_cove,2025-07-27,9,1.6612912034606389,-1.43,34.96939241037941,-69.9021104473797
Barren,samsing_cove,2025-07-27,10,1.2602383720223012,-1.29,42.15973743349171,-54.24127224312729
Barren,samsing_cove,2025-07-27,11,1.0066932266365964,0.08,47.92492561790912,-35.853989357289635
Barren,samsing_cove,2025-07-27,12,0.38375054012806437,2.33,51.39682463008232,-14.54383316947194
Barren,samsing_cove,2025-07-27,13,1.5158947029729715,4.91,51.828990669349025,8.358690275577722
Barren,samsing_cove,2025-07-27,14,0.9450248532017526,7.22,49.11165321023446,30.30083891468713
Barren,samsing_cove,2025-07-27,15,-1.1576983770984335,8.74,43.86652324566196,49.49885437208267
Barren,samsing_cove,2025-07-27,16,1.1136264129930864,9.18,36.97261399390739,65.8180701153918
Barren,samsing_cove,2025-07-27,17,0.6821142248774293,8.49,29.181065025946463,79.98271099192526
Barren,samsing_cove,2025-07-27,18,0.663828732426411,6.94,21.047573787359624,92.82544994218975
Barren,samsing_cove,2025-07-27,19,0.9042678526921173,4.99,12.996462838708442,105.04109686200358
Barren,samsing_cove,2025-07-27,20,0.4909760017883365,3.22,5.391173845644661,117.16963063001646
Barren,samsing_cove,2025-07-27,21,1.522664777443937,2.11,-1.4181996472419236,129.61838199379184
Barren,samsing_cove,2025-07-27,22,1.1993472104969574,1.99,-7.073388804643885,142.66013661003714
Barren,samsing_cove,2025-07-27,23,1.587508557808335,2.88,-11.216600552754494,156.39788790052322
Barren,samsing_cove,2025-07-28,0,1.683642264656438,4.55,-13.534152254551415,170.72163618667656
Barren,samsing_cove,2025-07-28,1,1.5159091140239187,6.54,-13.825905141403675,-174.68554963194134
Barren,samsing_cove,2025-07-28,2,1.2776041034499952,8.31,-12.065466745982816,-160.2451978349162
Barren,samsing_cove,2025-07-28,3,1.5343758080197378,9.36,-8.40913609558011,-146.3179797466081
Barren,samsing_cove,2025-07-28,4,1.387997694703827,9.36,-3.1466506369699094,-133.07597353280659
Barren,samsing_cove,2025-07-28,5,1.3633850485494576,8.24,3.370136990096336,-120.47198201243197
Barren,samsing_cove,2025-07-28,6,1.569586184001933,6.22,10.780017979332303,-108.2755353986412
Barren,samsing_cove,2025-07-28,7,1.1581754025371345,3.75,18.730534524636756,-96.11457311288669
Barren,samsing_cove,2025-07-28,8,1.3170294155372249,1.41,26.864146443523904,-83.48756327862989
Barren,samsing_cove,2025-07-28,9,1.4910180679550744,-0.23,34.777696360084725,-69.74595721348278
Barren,samsing_cove,2025-07-28,10,1.3908234715695538,-0.79,41.95768459961065,-54.091075199330334
Barren,samsing_cove,2025-07-28,11,0.9133206950577104,-0.14,47.70894799775675,-35.73194820238021
Barren,samsing_cove,2025-07-28,12,1.5253345053673055,1.54,51.16872823511632,-14.483255633330854
Barren,samsing_cove,2025-07-28,13,1.6427418444117154,3.83,51.59801178274646,8.335092776650198
Barren,samsing_cove,2025-07-28,14,1.429665139627569,6.18,48.88858366531452,30.205569973941422
Barren,samsing_cove,2025-07-28,15,1.4669894695752208,8.05,43.6558395595579,49.36475198068947
Barren,sandy_cove,2025-07-23,16,1.0014370782199637,5.75,37.71409109695983,66.40249981228489
Barren,sandy_cove,2025-07-23,17,1.248689767487069,4.4,29.89977878170126,80.55820883047828
Barren,sandy_cove,2025-07-23,18,0.9103071986988053,3.57,21.76268373785668,93.37041006145724
Barren,sandy_cove,2025-07-23,19,1.0173817229220543,3.57,13.724408153438347,105.5451189332595
Barren,sandy_cove,2025-07-23,20,0.9651096674007421,4.47,6.1447853353993445,117.62361492246124
Barren,sandy_cove,2025-07-23,21,0.6501438479946978,6.09,-0.6304453978138045,130.00955462563155
Barren,sandy_cove,2025-07-23,22,0.5956418505022744,8.03,-6.248638991147018,142.9702659411
Barren,sandy_cove,2025-07-23,23,-0.11141472915658411,9.77,-10.35911650395668,156.60500544734046
Barren,sandy_cove,2025-07-24,0,-0.37466290939405295,10.81,-12.65579397963762,170.8059062872511
Barren,sandy_cove,2025-07-24,1,-0.4572871705708123,10.78,-12.944074088172016,-174.73378793351483
Barren,sandy_cove,2025-07-24,2,0.1256754158575989,9.54,-11.198372187095789,-160.4207181856432
Barren,sandy_cove,2025-07-24,3,0.8274961356557519,7.27,-7.570619011145519,-146.60337733882878
Barren,sandy_cove,2025-07-24,4,0.7889021995548007,4.37,-2.343238111501132,-133.44936202526017
Barren,sandy_cove,2025-07-24,5,0.9913546018859201,1.46,4.1393778540207675,-120.91386379923051
Barren,sandy_cove,2025-07-24,6,1.3416868869009808,-0.86,11.522150781735796,-108.77170502804842
Barren,sandy_cove,2025-07-24,7,1.506368635648037,-2.09,19.45737455616412,-96.65522532982975
Barren,sandy_cove,2025-07-24,8,1.5712967427059985,-2.02,27.591401682914015,-84.06321737522224
Barren,sandy_cove,2025-07-24,9,1.4824640709191321,-0.72,35.524238148247484,-70.33906394866887
Barren,sandy_cove,2025-07-24,10,1.46757015817548,1.49,42.74329207613156,-54.66019786400683
Barren,sandy_cove,2025-07-24,11,1.1105833532642,4.07,48.5469806017719,-36.18975248164933
Barren,sandy_cove,2025-07-24,12,1.0522354934017601,6.43,52.05152631524333,-14.698829907831911
Barren,sandy_cove,2025-07-24,13,1.155538967229865,8.08,52.489005068445046,8.4497574072295
Barren,sandy_cove,2025-07-24,14,0.8558307706056519,8.7,49.745827049312965,30.59839743609707
Barren,sandy_cove,2025-07-24,15,0.1635675452181092,8.24,44.46284550780079,49.90509212543824
Barren,sandy_cove,2025-07-24,16,0.8182120154287582,6.95,37.53773212004147,66.25699153236368
Barren,sandy_cove,2025-07-24,17,1.1340077876527952,5.3,29.728994904021786,80.4155882944541
Barren,sandy_cove,2025-07-24,18,1.5179345144825063,3.82,21.592714906198204,93.23563455469692
Barren,sandy_cove,2025-07-24,19,1.416986102765817,3.01,13.551197434205573,105.42048799674062
Barren,sandy_cove,2025-07-24,20,1.4376653599430078,3.15,5.965168192065745,117.51116203030182
Barren,sandy_cove,2025-07-24,21,1.2187858154838374,4.27,-0.8185763985098741,129.91223271390288
Barren,sandy_cove,2025-07-24,22,1.2874420163311524,6.1,-6.446036403803551,142.8923695118242
Barren,sandy_cove,2025-07-24,23,0.9596501456044861,8.19,-10.564820809343976,156.55176242252395
Barren,sandy_cove,2025-07-25,0,0.5590295198992572,9.96,-12.867009778034136,170.78208538511046
Barren,sandy_cove,2025-07-25,1,0.2562755241916235,10.9,-13.156647733123021,-174.72579500033893
Barren,sandy_cove,2025-07-25,2,0.12647941654757883,10.65,-11.407910914324527,-160.38204582463962
Barren,sandy_cove,2025-07-25,3,0.6051122942616127,9.14,-7.773730110750899,-146.53808645238718
Barren,sandy_cove,2025-07-25,4,0.9296868446916134,6.63,-2.538251679865195,-133.36263880903581
Barren,sandy_cove,2025-07-25,5,1.4243158729103063,3.62,3.9523506927165752,-120.81038282314945
Barren,sandy_cove,2025-07-25,6,1.6465888350277142,0.75,11.341520037737395,-108.65491818692048
Barren,sandy_cove,2025-07-25,7,1.5181348071186602,-1.36,19.280395817936654,-96.52755852557516
Barren,sandy_cove,2025-07-25,8,1.4222866722766958,-2.25,27.414383108842706,-83.92704401444965
Barren,sandy_cove,2025-07-25,9,1.0314682770014143,-1.77,35.34272018101024,-70.19873944323871
Barren,sandy_cove,2025-07-25,10,1.1071186357368594,-0.09,42.55259846048965,-54.52592341235056
Barren,sandy_cove,2025-07-25,11,0.6368763610153465,2.39,48.34400481733063,-36.082982929561034
Barren,sandy_cove,2025-07-25,12,0.7662419013709446,5.06,51.8382952345541,-14.651680212833554
Barren,sandy_cove,2025-07-25,13,0.8899735217243593,7.33,52.27456265922957,8.416031618625494
Barren,sandy_cove,2025-07-25,14,0.342052302686716,8.7,49.54034398715893,30.49732886991194
Barren,sandy_cove,2025-07-25,15,0.9760981116285227,8.93,44.27008449333698,49.76913154890311
Barren,sandy_cove,2025-07-25,16,0.1963990582137033,8.07,37.35533541305456,66.11100841567843
Barren,sandy_cove,2025-07-25,17,0.7548457628904446,6.47,29.552252888151568,80.27206447927678
Barren,sandy_cove,2025-07-25,18,1.0391821104453682,4.64,21.41684501517824,93.09982467839872
Barren,sandy_cove,2025-07-25,19,1.5578662623422865,3.16,13.372105779393982,105.2948911561286
Barren,sandy_cove,2025-07-25,20,1.559024134589422,2.5,5.779660471445786,117.39797147513654
Barren,sandy_cove,2025-07-25,21,1.4449920276867494,2.87,-1.0126159053561847,129.81456052816657
Barren,sandy_cove,2025-07-25,22,1.2724126190539995,4.23,-6.649334176933751,142.81468454772076
Barren,sandy_cove,2025-07-25,23,1.408217978445357,6.23,-10.776346814707217,156.49946751767322
Barren,sandy_cove,2025-07-26,0,1.0570082940481513,8.36,-13.083855520239705,170.76007540706124
Barren,sandy_cove,2025-07-26,1,0.9722596237878168,10.02,-13.37452817257874,-174.7151119880917
Barren,sandy_cove,2025-07-26,2,0.7518093301698511,10.71,-11.622326107792512,-160.3399170388658
Barren,sandy_cove,2025-07-26,3,0.6942677739215922,10.16,-7.981240856388781,-146.4687641370699
Barren,sandy_cove,2025-07-26,4,0.655643972024689,8.38,-2.737211714292833,-133.27149810659677
Barren,sandy_cove,2025-07-26,5,1.144858502096086,5.72,3.761750434920003,-120.70223122730182
Barren,sandy_cove,2025-07-26,6,1.5175981012312418,2.75,11.157573358292941,-108.53327405542137
Barren,sandy_cove,2025-07-26,7,1.2469190165286925,0.11,19.100219104721898,-96.39486467827331
Barren,sandy_cove,2025-07-26,8,1.592772612533256,-1.59,27.234127416308226,-83.78567118467873
Barren,sandy_cove,2025-07-26,9,1.5876004839246698,-2,35.15775249694819,-70.05306361323694
Barren,sandy_cove,2025-07-26,10,1.3703782928898776,-1.06,42.358061031643146,-54.3862522083801
Barren,sandy_cove,2025-07-26,11,1.2841061712384945,0.96,48.1366321311929,-35.97103214129288
Barren,sandy_cove,2025-07-26,12,0.8966114196265484,3.58,51.620037525776524,-14.59999560455835
Barren,sandy_cove,2025-07-26,13,1.1503663378105484,6.17,52.054532934011505,8.385671726638336
Barren,sandy_cove,2025-07-26,14,1.0968463759890688,8.14,49.328930028721494,30.39811613123565
Barren,sandy_cove,2025-07-26,15,1.2618010752166997,9.08,44.07129143288575,49.63368235547636
Barren,sandy_cove,2025-07-26,16,1.1240479176280394,8.85,37.16694652729291,65.96466452565805
Barren,sandy_cove,2025-07-26,17,1.3901804021389872,7.61,29.369594637706083,80.12773909633717
Barren,sandy_cove,2025-07-26,18,1.5517685651288204,5.77,21.235116281315833,92.96306805989809
Barren,sandy_cove,2025-07-26,19,1.6057640211151225,3.91,13.187178303893917,105.16840323225448
Barren,sandy_cove,2025-07-26,20,1.5382049984837238,2.56,5.588311676949115,117.28410710676313
Barren,sandy_cove,2025-07-26,21,1.496895195230547,2.14,-1.2125092990348831,129.71659277801814
Barren,sandy_cove,2025-07-26,22,1.5791263237178497,2.78,-6.858472324541427,142.7372585051667
Barren,sandy_cove,2025-07-26,23,1.4323830245879823,4.35,-10.993629118096367,156.44816275114752
Barren,sandy_cove,2025-07-27,0,1.317401547445957,6.42,-13.30626042542698,170.73991389936538
Barren,sandy_cove,2025-07-27,1,1.1627059488577465,8.44,-13.597639618700624,-174.70170681962853
Barren,sandy_cove,2025-07-27,2,1.0501429174620613,9.84,-11.841538183318423,-160.29430816985882
Barren,sandy_cove,2025-07-27,3,1.057224554154576,10.19,-8.193070064882834,-146.39539842606996
Barren,sandy_cove,2025-07-27,4,1.388968918003077,9.32,-2.940038102264376,-133.17594160986548
Barren,sandy_cove,2025-07-27,5,1.62280217479113,7.35,3.5676537331099705,-120.58942481372667
Barren,sandy_cove,2025-07-27,6,1.6661911290832974,4.69,10.970382325705028,-108.4068023229431
Barren,sandy_cove,2025-07-27,7,1.6885780109763522,1.95,18.916910299654372,-96.25718739432078
Barren,sandy_cove,2025-07-27,8,1.6970230140777147,-0.26,27.05069526688373,-83.6391571753987
Barren,sandy_cove,2025-07-27,9,1.585271965714268,-1.43,34.96939241037941,-69.9021104473797
Barren,sandy_cove,2025-07-27,10,1.546641943880754,-1.29,42.15973743349171,-54.24127224312729
Barren,sandy_cove,2025-07-27,11,1.3738564671376767,0.08,47.92492561790912,-35.853989357289635
Barren,sandy_cove,2025-07-27,12,1.350172245899725,2.33,51.39682463008232,-14.54383316947194
Barren,sandy_cove,2025-07-27,13,0.7241517578175504,4.91,51.828990669349025,8.358690275577722
Barren,sandy_cove,2025-07-27,14,0.6086723364093826,7.22,49.11165321023446,30.30083891468713
Barren,sandy_cove,2025-07-27,15,0.8459298707480891,8.74,43.86652324566196,49.49885437208267
Barren,sandy_cove,2025-07-27,16,1.0446729487635866,9.18,36.97261399390739,65.8180701153918
Barren,sandy_cove,2025-07-27,17,1.2833179268880923,8.49,29.181065025946463,79.98271099192526
Barren,sandy_cove,2025-07-27,18,1.345991319072925,6.94,21.047573787359624,92.82544994218975
Barren,sandy_cove,2025-07-27,19,1.4451461986865968,4.99,12.996462838708442,105.04109686200358
Barren,sandy_cove,2025-07-27,20,1.6074618946862906,3.22,5.391173845644661,117.16963063001646
Barren,sandy_cove,2025-07-27,21,1.6209091058824465,2.11,-1.4181996472419236,129.61838199379184
Barren,sandy_cove,2025-07-27,22,1.4261268385278805,1.99,-7.073388804643885,142.66013661003714
Barren,sandy_cove,2025-07-27,23,1.4450332621944715,2.88,-11.216600552754494,156.39788790052322
Barren,sandy_cove,2025-07-28,0,1.4967713976339425,4.55,-13.534152254551415,170.72163618667656
Barren,sandy_cove,2025-07-28,1,1.245616228804908,6.54,-13.825905141403675,-174.68554963194134
Barren,sandy_cove,2025-07-28,2,0.9721603474251383,8.31,-12.065466745982816,-160.2451978349162
Barren,sandy_cove,2025-07-28,3,0.819648927972868,9.36,-8.40913609558011,-146.3179797466081
Barren,sandy_cove,2025-07-28,4,0.5750165203630414,9.36,-3.1466506369699094,-133.07597353280659
Barren,sandy_cove,2025-07-28,5,1.504182966361197,8.24,3.370136990096336,-120.47198201243197
Barren,sandy_cove,2025-07-28,6,1.3390569495433906,6.22,10.780017979332303,-108.2755353986412
Barren,sandy_cove,2025-07-28,7,1.6083768356416743,3.75,18.730534524636756,-96.11457311288669
Barren,sandy_cove,2025-07-28,8,-0.03906379954809123,1.41,26.864146443523904,-83.48756327862989
Barren,sandy_cove,2025-07-28,9,1.6021616818807805,-0.23,34.777696360084725,-69.74595721348278
Barren,sandy_cove,2025-07-28,10,1.6127244305903603,-0.79,41.95768459961065,-54.091075199330334
Barren,sandy_cove,2025-07-28,11,1.418126718246657,-0.14,47.70894799775675,-35.73194820238021
Barren,sandy_cove,2025-07-28,12,1.4146189809397993,1.54,51.16872823511632,-14.483255633330854
Barren,sandy_cove,2025-07-28,13,1.292667429899899,3.83,51.59801178274646,8.335092776650198
Barren,sandy_cove,2025-07-28,14,1.117060589757551,6.18,48.88858366531452,30.205569973941422
Barren,sandy_cove,2025-07-28,15,0.6588544901739309,8.05,43.6558395595579,49.36475198068947
Macro_Forest,battery_island,2025-07-23,16,-0.48792938377300704,5.75,37.71409109695983,66.40249981228489
Macro_Forest,battery_island,2025-07-23,17,-1.216727894741202,4.4,29.89977878170126,80.55820883047828
Macro_Forest,battery_island,2025-07-23,18,-0.6146160623578719,3.57,21.76268373785668,93.37041006145724
Macro_Forest,battery_island,2025-07-23,19,-0.8844643810560747,3.57,13.724408153438347,105.5451189332595
Macro_Forest,battery_island,2025-07-23,20,-0.9692277194729754,4.47,6.1447853353993445,117.62361492246124
Macro_Forest,battery_island,2025-07-23,21,-0.8936757795906813,6.09,-0.6304453978138045,130.00955462563155
Macro_Forest,battery_island,2025-07-23,22,-0.7988103734541685,8.03,-6.248638991147018,142.9702659411
Macro_Forest,battery_island,2025-07-23,23,-0.9244008670670488,9.77,-10.35911650395668,156.60500544734046
Macro_Forest,battery_island,2025-07-24,0,-0.7411755356226,10.81,-12.65579397963762,170.8059062872511
Macro_Forest,battery_island,2025-07-24,1,-0.9125234639989909,10.78,-12.944074088172016,-174.73378793351483
Macro_Forest,battery_island,2025-07-24,2,-0.9468491734844305,9.54,-11.198372187095789,-160.4207181856432
Macro_Forest,battery_island,2025-07-24,3,-1.0371124858880734,7.27,-7.570619011145519,-146.60337733882878
Macro_Forest,battery_island,2025-07-24,4,0.06904150420490114,4.37,-2.343238111501132,-133.44936202526017
Macro_Forest,battery_island,2025-07-24,5,-0.41895531886289566,1.46,4.1393778540207675,-120.91386379923051
Macro_Forest,battery_island,2025-07-24,6,-0.5050332502249392,-0.86,11.522150781735796,-108.77170502804842
Macro_Forest,battery_island,2025-07-24,7,-0.33621585366898654,-2.09,19.45737455616412,-96.65522532982975
Macro_Forest,battery_island,2025-07-24,8,-0.3202200622968764,-2.02,27.591401682914015,-84.06321737522224
Macro_Forest,battery_island,2025-07-24,9,-0.5041455856908662,-0.72,35.524238148247484,-70.33906394866887
Macro_Forest,battery_island,2025-07-24,10,-0.7947676225215632,1.49,42.74329207613156,-54.66019786400683
Macro_Forest,battery_island,2025-07-24,11,0.2740390036093772,4.07,48.5469806017719,-36.18975248164933
Macro_Forest,battery_island,2025-07-24,12,-0.6969964401262878,6.43,52.05152631524333,-14.698829907831911
Macro_Forest,battery_island,2025-07-24,13,-1.4273156906487185,8.08,52.489005068445046,8.4497574072295
Macro_Forest,battery_island,2025-07-24,14,-1.019024097305755,8.7,49.745827049312965,30.59839743609707
Macro_Forest,battery_island,2025-07-24,15,-1.0703072439474817,8.24,44.46284550780079,49.90509212543824
Macro_Forest,battery_island,2025-07-24,16,-1.2122936784038105,6.95,37.53773212004147,66.25699153236368
Macro_Forest,battery_island,2025-07-24,17,-0.23597012816573956,5.3,29.728994904021786,80.4155882944541
Macro_Forest,battery_island,2025-07-24,18,-0.26770272329556005,3.82,21.592714906198204,93.23563455469692
Macro_Forest,battery_island,2025-07-24,19,-1.4246616578605185,3.01,13.551197434205573,105.42048799674062
Macro_Forest,battery_island,2025-07-24,20,-1.2027189574672632,3.15,5.965168192065745,117.51116203030182
Macro_Forest,battery_island,2025-07-24,21,-0.7667730832541837,4.27,-0.8185763985098741,129.91223271390288
Macro_Forest,battery_island,2025-07-24,22,-0.7010419138187477,6.1,-6.446036403803551,142.8923695118242
Macro_Forest,battery_island,2025-07-24,23,-0.8372343365554766,8.19,-10.564820809343976,156.55176242252395
Macro_Forest,battery_island,2025-07-25,0,-0.8333181991342878,9.96,-12.867009778034136,170.78208538511046
Macro_Forest,battery_island,2025-07-25,1,-1.0024605311542873,10.9,-13.156647733123021,-174.72579500033893
Macro_Forest,battery_island,2025-07-25,2,-2.140435858426706,10.65,-11.407910914324527,-160.38204582463962
Macro_Forest,battery_island,2025-07-25,3,-2.455269918476085,9.14,-7.773730110750899,-146.53808645238718
Macro_Forest,battery_island,2025-07-25,4,-1.0332638113036352,6.63,-2.538251679865195,-133.36263880903581
Macro_Forest,battery_island,2025-07-25,5,-0.5007424408211933,3.62,3.9523506927165752,-120.81038282314945
Macro_Forest,battery_island,2025-07-25,6,-0.45168414734370466,0.75,11.341520037737395,-108.65491818692048
Macro_Forest,battery_island,2025-07-25,7,-0.03523487228143156,-1.36,19.280395817936654,-96.52755852557516
Macro_Forest,battery_island,2025-07-25,8,-1.0495516321194076,-2.25,27.414383108842706,-83.92704401444965
Macro_Forest,battery_island,2025-07-25,9,-1.09895988221025,-1.77,35.34272018101024,-70.19873944323871
Macro_Forest,battery_island,2025-07-25,10,-0.8586235069715694,-0.09,42.55259846048965,-54.52592341235056
Macro_Forest,battery_island,2025-07-25,11,-0.5180912517758162,2.39,48.34400481733063,-36.082982929561034
Macro_Forest,battery_island,2025-07-25,12,-1.1373584382586783,5.06,51.8382952345541,-14.651680212833554
Macro_Forest,battery_island,2025-07-25,13,-1.1408713227810687,7.33,52.27456265922957,8.416031618625494
Macro_Forest,battery_island,2025-07-25,14,-1.312762423150265,8.7,49.54034398715893,30.49732886991194
Macro_Forest,battery_island,2025-07-25,15,-0.8844534799034788,8.93,44.27008449333698,49.76913154890311
Macro_Forest,battery_island,2025-07-25,16,-1.2753798947860082,8.07,37.35533541305456,66.11100841567843
Macro_Forest,battery_island,2025-07-25,17,-0.9240178297469807,6.47,29.552252888151568,80.27206447927678
Macro_Forest,battery_island,2025-07-25,18,-0.8216022008408466,4.64,21.41684501517824,93.09982467839872
Macro_Forest,battery_island,2025-07-25,19,-0.5402458014422952,3.16,13.372105779393982,105.2948911561286
Macro_Forest,battery_island,2025-07-25,20,-1.65022449577038,2.5,5.779660471445786,117.39797147513654
Macro_Forest,battery_island,2025-07-25,21,-1.059354752968218,2.87,-1.0126159053561847,129.81456052816657
Macro_Forest,battery_island,2025-07-25,22,-0.9904303481432505,4.23,-6.649334176933751,142.81468454772076
Macro_Forest,battery_island,2025-07-25,23,-0.9030946549256904,6.23,-10.776346814707217,156.49946751767322
Macro_Forest,battery_island,2025-07-26,0,-1.0063224569010847,8.36,-13.083855520239705,170.76007540706124
Macro_Forest,battery_island,2025-07-26,1,-0.7995873703669072,10.02,-13.37452817257874,-174.7151119880917
Macro_Forest,battery_island,2025-07-26,2,-0.972196693445486,10.71,-11.622326107792512,-160.3399170388658
Macro_Forest,battery_island,2025-07-26,3,-0.71326956142984,10.16,-7.981240856388781,-146.4687641370699
Macro_Forest,battery_island,2025-07-26,4,-0.6153622925990104,8.38,-2.737211714292833,-133.27149810659677
Macro_Forest,battery_island,2025-07-26,5,-0.7217213018069628,5.72,3.761750434920003,-120.70223122730182
Macro_Forest,battery_island,2025-07-26,6,-1.2386746577897267,2.75,11.157573358292941,-108.53327405542137
Macro_Forest,battery_island,2025-07-26,7,-2.004105492903146,0.11,19.100219104721898,-96.39486467827331
Macro_Forest,battery_island,2025-07-26,8,-0.4101777277620587,-1.59,27.234127416308226,-83.78567118467873
Macro_Forest,battery_island,2025-07-26,9,-0.6735600354682889,-2,35.15775249694819,-70.05306361323694
Macro_Forest,battery_island,2025-07-26,10,-0.3640250675477881,-1.06,42.358061031643146,-54.3862522083801
Macro_Forest,battery_island,2025-07-26,11,-1.2608568922131351,0.96,48.1366321311929,-35.97103214129288
Macro_Forest,battery_island,2025-07-26,12,-0.8872239499742064,3.58,51.620037525776524,-14.59999560455835
Macro_Forest,battery_island,2025-07-26,13,-0.6148740758782173,6.17,52.054532934011505,8.385671726638336
Macro_Forest,battery_island,2025-07-26,14,-1.4408341028189562,8.14,49.328930028721494,30.39811613123565
Macro_Forest,battery_island,2025-07-26,15,-1.606183964353445,9.08,44.07129143288575,49.63368235547636
Macro_Forest,battery_island,2025-07-26,16,-0.9270120552439991,8.85,37.16694652729291,65.96466452565805
Macro_Forest,battery_island,2025-07-26,17,-1.031729688736617,7.61,29.369594637706083,80.12773909633717
Macro_Forest,battery_island,2025-07-26,18,-0.2963398532071424,5.77,21.235116281315833,92.96306805989809
Macro_Forest,battery_island,2025-07-26,19,-1.3602391318654194,3.91,13.187178303893917,105.16840323225448
Macro_Forest,battery_island,2025-07-26,20,-0.7625616114956774,2.56,5.588311676949115,117.28410710676313
Macro_Forest,battery_island,2025-07-26,21,-0.8836567023694766,2.14,-1.2125092990348831,129.71659277801814
Macro_Forest,battery_island,2025-07-26,22,-0.7816311181074307,2.78,-6.858472324541427,142.7372585051667
Macro_Forest,battery_island,2025-07-26,23,-1.10547730287662,4.35,-10.993629118096367,156.44816275114752
Macro_Forest,battery_island,2025-07-27,0,-1.3742431246336477,6.42,-13.30626042542698,170.73991389936538
Macro_Forest,battery_island,2025-07-27,1,-2.5365389060512733,8.44,-13.597639618700624,-174.70170681962853
Macro_Forest,battery_island,2025-07-27,2,-2.57965489699695,9.84,-11.841538183318423,-160.29430816985882
Macro_Forest,battery_island,2025-07-27,3,-2.417422915710163,10.19,-8.193070064882834,-146.39539842606996
Macro_Forest,battery_island,2025-07-27,4,-1.495424710087022,9.32,-2.940038102264376,-133.17594160986548
Macro_Forest,battery_island,2025-07-27,5,-0.4884642029669003,7.35,3.5676537331099705,-120.58942481372667
Macro_Forest,battery_island,2025-07-27,6,-0.07735795651776574,4.69,10.970382325705028,-108.4068023229431
Macro_Forest,battery_island,2025-07-27,7,-0.5398722288118045,1.95,18.916910299654372,-96.25718739432078
Macro_Forest,battery_island,2025-07-27,8,-0.6837247783151063,-0.26,27.05069526688373,-83.6391571753987
Macro_Forest,battery_island,2025-07-27,9,-0.3049989142469098,-1.43,34.96939241037941,-69.9021104473797
Macro_Forest,battery_island,2025-07-27,10,-0.29848812331496466,-1.29,42.15973743349171,-54.24127224312729
Macro_Forest,battery_island,2025-07-27,11,-1.5343539666170376,0.08,47.92492561790912,-35.853989357289635
Macro_Forest,battery_island,2025-07-27,12,-0.186333869517774,2.33,51.39682463008232,-14.54383316947194
Macro_Forest,battery_island,2025-07-27,13,-0.6353808766791497,4.91,51.828990669349025,8.358690275577722
Macro_Forest,battery_island,2025-07-27,14,-1.0617310833493734,7.22,49.11165321023446,30.30083891468713
Macro_Forest,battery_island,2025-07-27,15,-1.3078991270298417,8.74,43.86652324566196,49.49885437208267
Macro_Forest,battery_island,2025-07-27,16,-1.4705393056975273,9.18,36.97261399390739,65.8180701153918
Macro_Forest,battery_island,2025-07-27,17,-1.5053342143123336,8.49,29.181065025946463,79.98271099192526
Macro_Forest,battery_island,2025-07-27,18,-0.8262559087502026,6.94,21.047573787359624,92.82544994218975
Macro_Forest,battery_island,2025-07-27,19,-0.3054197946969778,4.99,12.996462838708442,105.04109686200358
Macro_Forest,battery_island,2025-07-27,20,-0.1981971696836506,3.22,5.391173845644661,117.16963063001646
Macro_Forest,battery_island,2025-07-27,21,0.40106791383084606,2.11,-1.4181996472419236,129.61838199379184
Macro_Forest,battery_island,2025-07-27,22,-0.04437177493609862,1.99,-7.073388804643885,142.66013661003714
Macro_Forest,battery_island,2025-07-27,23,0.506700796990404,2.88,-11.216600552754494,156.39788790052322
Macro_Forest,battery_island,2025-07-28,0,-1.4576603882035049,4.55,-13.534152254551415,170.72163618667656
Macro_Forest,battery_island,2025-07-28,1,-1.4891679164129554,6.54,-13.825905141403675,-174.68554963194134
Macro_Forest,battery_island,2025-07-28,2,-1.2802939316255522,8.31,-12.065466745982816,-160.2451978349162
Macro_Forest,battery_island,2025-07-28,3,-0.8357829923862041,9.36,-8.40913609558011,-146.3179797466081
Macro_Forest,battery_island,2025-07-28,4,-0.18942087842693828,9.36,-3.1466506369699094,-133.07597353280659
Macro_Forest,battery_island,2025-07-28,5,-0.6115136451175962,8.24,3.370136990096336,-120.47198201243197
Macro_Forest,battery_island,2025-07-28,6,-0.26588738889717967,6.22,10.780017979332303,-108.2755353986412
Macro_Forest,battery_island,2025-07-28,7,0.0931768610211351,3.75,18.730534524636756,-96.11457311288669
Macro_Forest,battery_island,2025-07-28,8,-0.7300475234062378,1.41,26.864146443523904,-83.48756327862989
Macro_Forest,battery_island,2025-07-28,9,0.17605516763888462,-0.23,34.777696360084725,-69.74595721348278
Macro_Forest,battery_island,2025-07-28,10,-0.8127247237000599,-0.79,41.95768459961065,-54.091075199330334
Macro_Forest,battery_island,2025-07-28,11,-0.5044975620760951,-0.14,47.70894799775675,-35.73194820238021
Macro_Forest,battery_island,2025-07-28,12,-0.6329276749693873,1.54,51.16872823511632,-14.483255633330854
Macro_Forest,battery_island,2025-07-28,13,-0.05290367917084071,3.83,51.59801178274646,8.335092776650198
Macro_Forest,battery_island,2025-07-28,14,-0.980256817150899,6.18,48.88858366531452,30.205569973941422
Macro_Forest,battery_island,2025-07-28,15,-0.8741436127434796,8.05,43.6558395595579,49.36475198068947
Macro_Forest,crow_island,2025-07-23,16,-2.250109224185982,5.75,37.71409109695983,66.40249981228489
Macro_Forest,crow_island,2025-07-23,17,-2.2542606240644125,4.4,29.89977878170126,80.55820883047828
Macro_Forest,crow_island,2025-07-23,18,-2.192421733128083,3.57,21.76268373785668,93.37041006145724
Macro_Forest,crow_island,2025-07-23,19,-2.3214143136007155,3.57,13.724408153438347,105.5451189332595
Macro_Forest,crow_island,2025-07-23,20,-2.553795918914454,4.47,6.1447853353993445,117.62361492246124
Macro_Forest,crow_island,2025-07-23,21,-2.458713732162793,6.09,-0.6304453978138045,130.00955462563155
Macro_Forest,crow_island,2025-07-23,22,-0.24131006749136752,8.03,-6.248638991147018,142.9702659411
Macro_Forest,crow_island,2025-07-23,23,-1.4803461767417374,9.77,-10.35911650395668,156.60500544734046
Macro_Forest,crow_island,2025-07-24,0,-0.012612973126201429,10.81,-12.65579397963762,170.8059062872511
Macro_Forest,crow_island,2025-07-24,1,-0.23784725281760488,10.78,-12.944074088172016,-174.73378793351483
Macro_Forest,crow_island,2025-07-24,2,0.028213772803000966,9.54,-11.198372187095789,-160.4207181856432
Macro_Forest,crow_island,2025-07-24,3,-1.2058268256160645,7.27,-7.570619011145519,-146.60337733882878
Macro_Forest,crow_island,2025-07-24,4,-1.1931466645718183,4.37,-2.343238111501132,-133.44936202526017
Macro_Forest,crow_island,2025-07-24,5,-0.932504138069915,1.46,4.1393778540207675,-120.91386379923051
Macro_Forest,crow_island,2025-07-24,6,-0.7732945433530072,-0.86,11.522150781735796,-108.77170502804842
Macro_Forest,crow_island,2025-07-24,7,-0.7363076521888304,-2.09,19.45737455616412,-96.65522532982975
Macro_Forest,crow_island,2025-07-24,8,-0.8516296885356198,-2.02,27.591401682914015,-84.06321737522224
Macro_Forest,crow_island,2025-07-24,9,-0.9033428320639649,-0.72,35.524238148247484,-70.33906394866887
Macro_Forest,crow_island,2025-07-24,10,-1.8712394289138696,1.49,42.74329207613156,-54.66019786400683
Macro_Forest,crow_island,2025-07-24,11,-2.4810913725072345,4.07,48.5469806017719,-36.18975248164933
Macro_Forest,crow_island,2025-07-24,12,-2.433905252451051,6.43,52.05152631524333,-14.698829907831911
Macro_Forest,crow_island,2025-07-24,13,-1.456750710469664,8.08,52.489005068445046,8.4497574072295
Macro_Forest,crow_island,2025-07-24,14,-0.7451401331667336,8.7,49.745827049312965,30.59839743609707
Macro_Forest,crow_island,2025-07-24,15,-1.2678946176783847,8.24,44.46284550780079,49.90509212543824
Macro_Forest,crow_island,2025-07-24,16,-2.5265190971217955,6.95,37.53773212004147,66.25699153236368
Macro_Forest,crow_island,2025-07-24,17,-2.850571413002579,5.3,29.728994904021786,80.4155882944541
Macro_Forest,crow_island,2025-07-24,18,-1.9274427875161244,3.82,21.592714906198204,93.23563455469692
Macro_Forest,crow_island,2025-07-24,19,-1.1220254424725344,3.01,13.551197434205573,105.42048799674062
Macro_Forest,crow_island,2025-07-24,20,-0.852416962729842,3.15,5.965168192065745,117.51116203030182
Macro_Forest,crow_island,2025-07-24,21,-1.3497509865942972,4.27,-0.8185763985098741,129.91223271390288
Macro_Forest,crow_island,2025-07-24,22,-1.2584710164073278,6.1,-6.446036403803551,142.8923695118242
Macro_Forest,crow_island,2025-07-24,23,1.266729098722641,8.19,-10.564820809343976,156.55176242252395
Macro_Forest,crow_island,2025-07-25,0,0.8605783748866196,9.96,-12.867009778034136,170.78208538511046
Macro_Forest,crow_island,2025-07-25,1,1.3424981192799712,10.9,-13.156647733123021,-174.72579500033893
Macro_Forest,crow_island,2025-07-25,2,1.4521345578391114,10.65,-11.407910914324527,-160.38204582463962
Macro_Forest,crow_island,2025-07-25,3,0.40658509001750953,9.14,-7.773730110750899,-146.53808645238718
Macro_Forest,crow_island,2025-07-25,4,-1.9583597842507303,6.63,-2.538251679865195,-133.36263880903581
Macro_Forest,crow_island,2025-07-25,5,-1.2966652836839745,3.62,3.9523506927165752,-120.81038282314945
Macro_Forest,crow_island,2025-07-25,6,-0.891666392363271,0.75,11.341520037737395,-108.65491818692048
Macro_Forest,crow_island,2025-07-25,7,-0.7580831936746841,-1.36,19.280395817936654,-96.52755852557516
Macro_Forest,crow_island,2025-07-25,8,-0.7351489320187932,-2.25,27.414383108842706,-83.92704401444965
Macro_Forest,crow_island,2025-07-25,9,-1.0911279253604316,-1.77,35.34272018101024,-70.19873944323871
Macro_Forest,crow_island,2025-07-25,10,-2.643277575670194,-0.09,42.55259846048965,-54.52592341235056
Macro_Forest,crow_island,2025-07-25,11,-2.7099460229766623,2.39,48.34400481733063,-36.082982929561034
Macro_Forest,crow_island,2025-07-25,12,-2.8788624683098045,5.06,51.8382952345541,-14.651680212833554
Macro_Forest,crow_island,2025-07-25,13,-2.470144142262087,7.33,52.27456265922957,8.416031618625494
Macro_Forest,crow_island,2025-07-25,14,-0.7367505324163363,8.7,49.54034398715893,30.49732886991194
Macro_Forest,crow_island,2025-07-25,15,-0.9180212926667742,8.93,44.27008449333698,49.76913154890311
Macro_Forest,crow_island,2025-07-25,16,-2.729347879341309,8.07,37.35533541305456,66.11100841567843
Macro_Forest,crow_island,2025-07-25,17,-3.133068069929788,6.47,29.552252888151568,80.27206447927678
Macro_Forest,crow_island,2025-07-25,18,-3.133571458262612,4.64,21.41684501517824,93.09982467839872
Macro_Forest,crow_island,2025-07-25,19,-2.738649833255226,3.16,13.372105779393982,105.2948911561286
Macro_Forest,crow_island,2025-07-25,20,-2.589212923732755,2.5,5.779660471445786,117.39797147513654
Macro_Forest,crow_island,2025-07-25,21,-2.303252745222016,2.87,-1.0126159053561847,129.81456052816657
Macro_Forest,crow_island,2025-07-25,22,-1.9787207925339445,4.23,-6.649334176933751,142.81468454772076
Macro_Forest,crow_island,2025-07-25,23,-1.8437687054476872,6.23,-10.776346814707217,156.49946751767322
Macro_Forest,crow_island,2025-07-26,0,0.2461252291577046,8.36,-13.083855520239705,170.76007540706124
Macro_Forest,crow_island,2025-07-26,1,1.1680791558246588,10.02,-13.37452817257874,-174.7151119880917
Macro_Forest,crow_island,2025-07-26,2,1.1392717668839984,10.71,-11.622326107792512,-160.3399170388658
Macro_Forest,crow_island,2025-07-26,3,1.2700670902273146,10.16,-7.981240856388781,-146.4687641370699
Macro_Forest,crow_island,2025-07-26,4,-1.7832200236061417,8.38,-2.737211714292833,-133.27149810659677
Macro_Forest,crow_island,2025-07-26,5,-1.709645355339855,5.72,3.761750434920003,-120.70223122730182
Macro_Forest,crow_island,2025-07-26,6,-1.234411071645546,2.75,11.157573358292941,-108.53327405542137
Macro_Forest,crow_island,2025-07-26,7,-0.8884347033623353,0.11,19.100219104721898,-96.39486467827331
Macro_Forest,crow_island,2025-07-26,8,-0.7762341856769822,-1.59,27.234127416308226,-83.78567118467873
Macro_Forest,crow_island,2025-07-26,9,-0.9312186320925692,-2,35.15775249694819,-70.05306361323694
Macro_Forest,crow_island,2025-07-26,10,-0.8417044046423502,-1.06,42.358061031643146,-54.3862522083801
Macro_Forest,crow_island,2025-07-26,11,-1.134144331519355,0.96,48.1366321311929,-35.97103214129288
Macro_Forest,crow_island,2025-07-26,12,-2.539896250242388,3.58,51.620037525776524,-14.59999560455835
Macro_Forest,crow_island,2025-07-26,13,-1.8143283915124997,6.17,52.054532934011505,8.385671726638336
Macro_Forest,crow_island,2025-07-26,14,-0.9763909531475027,8.14,49.328930028721494,30.39811613123565
Macro_Forest,crow_island,2025-07-26,15,-0.8506896371948742,9.08,44.07129143288575,49.63368235547636
Macro_Forest,crow_island,2025-07-26,16,-1.0217737877542912,8.85,37.16694652729291,65.96466452565805
Macro_Forest,crow_island,2025-07-26,17,-2.911199742638237,7.61,29.369594637706083,80.12773909633717
Macro_Forest,crow_island,2025-07-26,18,-2.2455000052927825,5.77,21.235116281315833,92.96306805989809
Macro_Forest,crow_island,2025-07-26,19,-1.9666675758915813,3.91,13.187178303893917,105.16840323225448
Macro_Forest,crow_island,2025-07-26,20,-1.8831505983080865,2.56,5.588311676949115,117.28410710676313
Macro_Forest,crow_island,2025-07-26,21,-1.5491533912831696,2.14,-1.2125092990348831,129.71659277801814
Macro_Forest,crow_island,2025-07-26,22,-1.0713720055808087,2.78,-6.858472324541427,142.7372585051667
Macro_Forest,crow_island,2025-07-26,23,-2.207277366760468,4.35,-10.993629118096367,156.44816275114752
Macro_Forest,crow_island,2025-07-27,0,-1.929557451149161,6.42,-13.30626042542698,170.73991389936538
Macro_Forest,crow_island,2025-07-27,1,-0.9500961492185831,8.44,-13.597639618700624,-174.70170681962853
Macro_Forest,crow_island,2025-07-27,2,1.1058695239043244,9.84,-11.841538183318423,-160.29430816985882
Macro_Forest,crow_island,2025-07-27,3,0.7738260812274336,10.19,-8.193070064882834,-146.39539842606996
Macro_Forest,crow_island,2025-07-27,4,-0.5158427621699018,9.32,-2.940038102264376,-133.17594160986548
Macro_Forest,crow_island,2025-07-27,5,-2.16730317628069,7.35,3.5676537331099705,-120.58942481372667
Macro_Forest,crow_island,2025-07-27,6,-2.118458564051125,4.69,10.970382325705028,-108.4068023229431
Macro_Forest,crow_island,2025-07-27,7,-0.9435220087162415,1.95,18.916910299654372,-96.25718739432078
Macro_Forest,crow_island,2025-07-27,8,-0.7438066556474479,-0.26,27.05069526688373,-83.6391571753987
Macro_Forest,crow_island,2025-07-27,9,-0.7890248100334274,-1.43,34.96939241037941,-69.9021104473797
Macro_Forest,crow_island,2025-07-27,10,-1.1403355482241588,-1.29,42.15973743349171,-54.24127224312729
Macro_Forest,crow_island,2025-07-27,11,-1.075526654052907,0.08,47.92492561790912,-35.853989357289635
Macro_Forest,crow_island,2025-07-27,12,-2.411248251488396,2.33,51.39682463008232,-14.54383316947194
Macro_Forest,crow_island,2025-07-27,13,-2.6996167845614605,4.91,51.828990669349025,8.358690275577722
Macro_Forest,crow_island,2025-07-27,14,-0.5037686840624415,7.22,49.11165321023446,30.30083891468713
Macro_Forest,crow_island,2025-07-27,15,-0.2669649320897864,8.74,43.86652324566196,49.49885437208267
Macro_Forest,crow_island,2025-07-27,16,-0.3076859136229772,9.18,36.97261399390739,65.8180701153918
Macro_Forest,crow_island,2025-07-27,17,-2.5495269479492593,8.49,29.181065025946463,79.98271099192526
Macro_Forest,crow_island,2025-07-27,18,-2.626661310224525,6.94,21.047573787359624,92.82544994218975
Macro_Forest,crow_island,2025-07-27,19,-1.2711063372864533,4.99,12.996462838708442,105.04109686200358
Macro_Forest,crow_island,2025-07-27,20,-1.271618574759286,3.22,5.391173845644661,117.16963063001646
Macro_Forest,crow_island,2025-07-27,21,-1.2413095224487005,2.11,-1.4181996472419236,129.61838199379184
Macro_Forest,crow_island,2025-07-27,22,-1.2343217995384015,1.99,-7.073388804643885,142.66013661003714
Macro_Forest,crow_island,2025-07-27,23,-0.5655517417998731,2.88,-11.216600552754494,156.39788790052322
Macro_Forest,crow_island,2025-07-28,0,-1.2983415718990443,4.55,-13.534152254551415,170.72163618667656
Macro_Forest,crow_island,2025-07-28,1,-1.6972313572484425,6.54,-13.825905141403675,-174.68554963194134
Macro_Forest,crow_island,2025-07-28,2,0.5189563369143004,8.31,-12.065466745982816,-160.2451978349162
Macro_Forest,crow_island,2025-07-28,3,1.3332041039681903,9.36,-8.40913609558011,-146.3179797466081
Macro_Forest,crow_island,2025-07-28,4,0.2715303171997208,9.36,-3.1466506369699094,-133.07597353280659
Macro_Forest,crow_island,2025-07-28,5,-2.5383617882000595,8.24,3.370136990096336,-120.47198201243197
Macro_Forest,crow_island,2025-07-28,6,-2.151070267954999,6.22,10.780017979332303,-108.2755353986412
Macro_Forest,crow_island,2025-07-28,7,-1.6436239042925902,3.75,18.730534524636756,-96.11457311288669
Macro_Forest,crow_island,2025-07-28,8,-1.2909307768495784,1.41,26.864146443523904,-83.48756327862989
Macro_Forest,crow_island,2025-07-28,9,-1.1412006583669263,-0.23,34.777696360084725,-69.74595721348278
Macro_Forest,crow_island,2025-07-28,10,-1.6639694513424614,-0.79,41.95768459961065,-54.091075199330334
Macro_Forest,crow_island,2025-07-28,11,-2.1314076621200595,-0.14,47.70894799775675,-35.73194820238021
Macro_Forest,crow_island,2025-07-28,12,-2.333867699751921,1.54,51.16872823511632,-14.483255633330854
Macro_Forest,crow_island,2025-07-28,13,-2.061763137791533,3.83,51.59801178274646,8.335092776650198
Macro_Forest,crow_island,2025-07-28,14,-1.9636995381561477,6.18,48.88858366531452,30.205569973941422
Macro_Forest,crow_island,2025-07-28,15,0.47854262745613363,8.05,43.6558395595579,49.36475198068947
Macro_Forest,middle_island,2025-07-23,16,-0.9406756084714208,5.75,37.71409109695983,66.40249981228489
Macro_Forest,middle_island,2025-07-23,17,-0.795123488885192,4.4,29.89977878170126,80.55820883047828
Macro_Forest,middle_island,2025-07-23,18,-0.03521195584161619,3.57,21.76268373785668,93.37041006145724
Macro_Forest,middle_island,2025-07-23,19,0.6813314628868418,3.57,13.724408153438347,105.5451189332595
Macro_Forest,middle_island,2025-07-23,20,0.5151938267844386,4.47,6.1447853353993445,117.62361492246124
Macro_Forest,middle_island,2025-07-23,21,0.5265161255130232,6.09,-0.6304453978138045,130.00955462563155
Macro_Forest,middle_island,2025-07-23,22,0.4608390326286016,8.03,-6.248638991147018,142.9702659411
Macro_Forest,middle_island,2025-07-23,23,-0.14351631828784314,9.77,-10.35911650395668,156.60500544734046
Macro_Forest,middle_island,2025-07-24,0,0.1579406354347536,10.81,-12.65579397963762,170.8059062872511
Macro_Forest,middle_island,2025-07-24,1,-0.07524812102944056,10.78,-12.944074088172016,-174.73378793351483
Macro_Forest,middle_island,2025-07-24,2,0.384828473442292,9.54,-11.198372187095789,-160.4207181856432
Macro_Forest,middle_island,2025-07-24,3,-0.1143792593468122,7.27,-7.570619011145519,-146.60337733882878
Macro_Forest,middle_island,2025-07-24,4,-0.4312447489537126,4.37,-2.343238111501132,-133.44936202526017
Macro_Forest,middle_island,2025-07-24,5,-1.2812443432630327,1.46,4.1393778540207675,-120.91386379923051
Macro_Forest,middle_island,2025-07-24,6,-0.8610742886450441,-0.86,11.522150781735796,-108.77170502804842
Macro_Forest,middle_island,2025-07-24,7,-0.8874658447502286,-2.09,19.45737455616412,-96.65522532982975
Macro_Forest,middle_island,2025-07-24,8,-1.0379532829495277,-2.02,27.591401682914015,-84.06321737522224
Macro_Forest,middle_island,2025-07-24,9,-0.34820465650447435,-0.72,35.524238148247484,-70.33906394866887
Macro_Forest,middle_island,2025-07-24,10,-0.7431043589093458,1.49,42.74329207613156,-54.66019786400683
Macro_Forest,middle_island,2025-07-24,11,-0.9109071743437209,4.07,48.5469806017719,-36.18975248164933
Macro_Forest,middle_island,2025-07-24,12,-0.61499249680881,6.43,52.05152631524333,-14.698829907831911
Macro_Forest,middle_island,2025-07-24,13,-0.10474687195677766,8.08,52.489005068445046,8.4497574072295
Macro_Forest,middle_island,2025-07-24,14,-0.35833444139939963,8.7,49.745827049312965,30.59839743609707
Macro_Forest,middle_island,2025-07-24,15,-1.0323496115556334,8.24,44.46284550780079,49.90509212543824
Macro_Forest,middle_island,2025-07-24,16,0.47487917643933086,6.95,37.53773212004147,66.25699153236368
Macro_Forest,middle_island,2025-07-24,17,-0.47592138210298657,5.3,29.728994904021786,80.4155882944541
Macro_Forest,middle_island,2025-07-24,18,-0.17024805465015527,3.82,21.592714906198204,93.23563455469692
Macro_Forest,middle_island,2025-07-24,19,1.0725095809782317,3.01,13.551197434205573,105.42048799674062
Macro_Forest,middle_island,2025-07-24,20,1.336605931916362,3.15,5.965168192065745,117.51116203030182
Macro_Forest,middle_island,2025-07-24,21,1.472644928207371,4.27,-0.8185763985098741,129.91223271390288
Macro_Forest,middle_island,2025-07-24,22,1.2752465046783696,6.1,-6.446036403803551,142.8923695118242
Macro_Forest,middle_island,2025-07-24,23,1.4179341061137127,8.19,-10.564820809343976,156.55176242252395
Macro_Forest,middle_island,2025-07-25,0,1.0121105290308687,9.96,-12.867009778034136,170.78208538511046
Macro_Forest,middle_island,2025-07-25,1,0.667086236241083,10.9,-13.156647733123021,-174.72579500033893
Macro_Forest,middle_island,2025-07-25,2,0.6204941210003253,10.65,-11.407910914324527,-160.38204582463962
Macro_Forest,middle_island,2025-07-25,3,-0.1024428589892695,9.14,-7.773730110750899,-146.53808645238718
Macro_Forest,middle_island,2025-07-25,4,0.6281913574091498,6.63,-2.538251679865195,-133.36263880903581
Macro_Forest,middle_island,2025-07-25,5,-0.77259968269046,3.62,3.9523506927165752,-120.81038282314945
Macro_Forest,middle_island,2025-07-25,6,-0.23189589420844123,0.75,11.341520037737395,-108.65491818692048
Macro_Forest,middle_island,2025-07-25,7,0.19003961122537938,-1.36,19.280395817936654,-96.52755852557516
Macro_Forest,middle_island,2025-07-25,8,0.9026317815285541,-2.25,27.414383108842706,-83.92704401444965
Macro_Forest,middle_island,2025-07-25,9,1.0889475848921835,-1.77,35.34272018101024,-70.19873944323871
Macro_Forest,middle_island,2025-07-25,10,1.291129013756834,-0.09,42.55259846048965,-54.52592341235056
Macro_Forest,middle_island,2025-07-25,11,1.2138047783057013,2.39,48.34400481733063,-36.082982929561034
Macro_Forest,middle_island,2025-07-25,12,0.5334528097847734,5.06,51.8382952345541,-14.651680212833554
Macro_Forest,middle_island,2025-07-25,13,-0.05550285061514257,7.33,52.27456265922957,8.416031618625494
Macro_Forest,middle_island,2025-07-25,14,0.1051816259781372,8.7,49.54034398715893,30.49732886991194
Macro_Forest,middle_island,2025-07-25,15,-0.7689541360131866,8.93,44.27008449333698,49.76913154890311
Macro_Forest,middle_island,2025-07-25,16,-0.042840730754112995,8.07,37.35533541305456,66.11100841567843
Macro_Forest,middle_island,2025-07-25,17,0.7968786200026381,6.47,29.552252888151568,80.27206447927678
Macro_Forest,middle_island,2025-07-25,18,0.7332681562948982,4.64,21.41684501517824,93.09982467839872
Macro_Forest,middle_island,2025-07-25,19,1.3247716699412584,3.16,13.372105779393982,105.2948911561286
Macro_Forest,middle_island,2025-07-25,20,1.25671490998137,2.5,5.779660471445786,117.39797147513654
Macro_Forest,middle_island,2025-07-25,21,1.1599359225489487,2.87,-1.0126159053561847,129.81456052816657
Macro_Forest,middle_island,2025-07-25,22,1.2978729326387173,4.23,-6.649334176933751,142.81468454772076
Macro_Forest,middle_island,2025-07-25,23,0.4765102535171387,6.23,-10.776346814707217,156.49946751767322
Macro_Forest,middle_island,2025-07-26,0,0.7306924989182231,8.36,-13.083855520239705,170.76007540706124
Macro_Forest,middle_island,2025-07-26,1,0.6937977489551503,10.02,-13.37452817257874,-174.7151119880917
Macro_Forest,middle_island,2025-07-26,2,0.7145769775347534,10.71,-11.622326107792512,-160.3399170388658
Macro_Forest,middle_island,2025-07-26,3,0.8226007587411038,10.16,-7.981240856388781,-146.4687641370699
Macro_Forest,middle_island,2025-07-26,4,0.5789226275455254,8.38,-2.737211714292833,-133.27149810659677
Macro_Forest,middle_island,2025-07-26,5,-0.7055105631991408,5.72,3.761750434920003,-120.70223122730182
Macro_Forest,middle_island,2025-07-26,6,-0.1973122144518301,2.75,11.157573358292941,-108.53327405542137
Macro_Forest,middle_island,2025-07-26,7,0.41187732444205405,0.11,19.100219104721898,-96.39486467827331
Macro_Forest,middle_island,2025-07-26,8,0.693028417652686,-1.59,27.234127416308226,-83.78567118467873
Macro_Forest,middle_island,2025-07-26,9,0.9701047183582505,-2,35.15775249694819,-70.05306361323694
Macro_Forest,middle_island,2025-07-26,10,0.2914909722237702,-1.06,42.358061031643146,-54.3862522083801
Macro_Forest,middle_island,2025-07-26,11,-0.4617175969104296,0.96,48.1366321311929,-35.97103214129288
Macro_Forest,middle_island,2025-07-26,12,-0.4486591192629903,3.58,51.620037525776524,-14.59999560455835
Macro_Forest,middle_island,2025-07-26,13,-1.3539871642027823,6.17,52.054532934011505,8.385671726638336
Macro_Forest,middle_island,2025-07-26,14,-1.5940259901282345,8.14,49.328930028721494,30.39811613123565
Macro_Forest,middle_island,2025-07-26,15,-0.5240614009089699,9.08,44.07129143288575,49.63368235547636
Macro_Forest,middle_island,2025-07-26,16,-1.5418182582332562,8.85,37.16694652729291,65.96466452565805
Macro_Forest,middle_island,2025-07-26,17,-1.9054716947696413,7.61,29.369594637706083,80.12773909633717
Macro_Forest,middle_island,2025-07-26,18,-1.2105496931704938,5.77,21.235116281315833,92.96306805989809
Macro_Forest,middle_island,2025-07-26,19,-0.9939473822083752,3.91,13.187178303893917,105.16840323225448
Macro_Forest,middle_island,2025-07-26,20,-0.522176193238707,2.56,5.588311676949115,117.28410710676313
Macro_Forest,middle_island,2025-07-26,21,-0.05051808121853594,2.14,-1.2125092990348831,129.71659277801814
Macro_Forest,middle_island,2025-07-26,22,0.9958047011991403,2.78,-6.858472324541427,142.7372585051667
Macro_Forest,middle_island,2025-07-26,23,0.13104838146263542,4.35,-10.993629118096367,156.44816275114752
Macro_Forest,middle_island,2025-07-27,0,0.16982592789780984,6.42,-13.30626042542698,170.73991389936538
Macro_Forest,middle_island,2025-07-27,1,-0.07014771412157755,8.44,-13.597639618700624,-174.70170681962853
Macro_Forest,middle_island,2025-07-27,2,0.14033999739654843,9.84,-11.841538183318423,-160.29430816985882
Macro_Forest,middle_island,2025-07-27,3,-0.40595616468180407,10.19,-8.193070064882834,-146.39539842606996
Macro_Forest,middle_island,2025-07-27,4,-1.3971585715838246,9.32,-2.940038102264376,-133.17594160986548
Macro_Forest,middle_island,2025-07-27,5,-1.4111878495772374,7.35,3.5676537331099705,-120.58942481372667
Macro_Forest,middle_island,2025-07-27,6,-1.0318052556336392,4.69,10.970382325705028,-108.4068023229431
Macro_Forest,middle_island,2025-07-27,7,-0.7589123217276945,1.95,18.916910299654372,-96.25718739432078
Macro_Forest,middle_island,2025-07-27,8,-0.502586494444131,-0.26,27.05069526688373,-83.6391571753987
Macro_Forest,middle_island,2025-07-27,9,0.2777380330119023,-1.43,34.96939241037941,-69.9021104473797
Macro_Forest,middle_island,2025-07-27,10,0.07688871424067159,-1.29,42.15973743349171,-54.24127224312729
Macro_Forest,middle_island,2025-07-27,11,1.139268607773947,0.08,47.92492561790912,-35.853989357289635
Macro_Forest,middle_island,2025-07-27,12,0.83239058150035,2.33,51.39682463008232,-14.54383316947194
Macro_Forest,middle_island,2025-07-27,13,-0.3311185633494893,4.91,51.828990669349025,8.358690275577722
Macro_Forest,middle_island,2025-07-27,14,-0.5853999668319424,7.22,49.11165321023446,30.30083891468713
Macro_Forest,middle_island,2025-07-27,15,-0.40702844871456034,8.74,43.86652324566196,49.49885437208267
Macro_Forest,middle_island,2025-07-27,16,-1.4136982448999331,9.18,36.97261399390739,65.8180701153918
Macro_Forest,middle_island,2025-07-27,17,-1.2013682789017845,8.49,29.181065025946463,79.98271099192526
Macro_Forest,middle_island,2025-07-27,18,-1.2053550667494088,6.94,21.047573787359624,92.82544994218975
Macro_Forest,middle_island,2025-07-27,19,-1.1158519645366103,4.99,12.996462838708442,105.04109686200358
Macro_Forest,middle_island,2025-07-27,20,-0.4003451352958725,3.22,5.391173845644661,117.16963063001646
Macro_Forest,middle_island,2025-07-27,21,0.6305034683912601,2.11,-1.4181996472419236,129.61838199379184
Macro_Forest,middle_island,2025-07-27,22,0.18345688797179896,1.99,-7.073388804643885,142.66013661003714
Macro_Forest,middle_island,2025-07-27,23,0.30448039747936156,2.88,-11.216600552754494,156.39788790052322
Macro_Forest,middle_island,2025-07-28,0,-0.021562607105831064,4.55,-13.534152254551415,170.72163618667656
Macro_Forest,middle_island,2025-07-28,1,-0.47875153490592914,6.54,-13.825905141403675,-174.68554963194134
Macro_Forest,middle_island,2025-07-28,2,-0.700218576653609,8.31,-12.065466745982816,-160.2451978349162
Macro_Forest,middle_island,2025-07-28,3,-0.2121126873640179,9.36,-8.40913609558011,-146.3179797466081
Macro_Forest,middle_island,2025-07-28,4,-0.4222707297666767,9.36,-3.1466506369699094,-133.07597353280659
Macro_Forest,middle_island,2025-07-28,5,-0.8821643137028532,8.24,3.370136990096336,-120.47198201243197
Macro_Forest,middle_island,2025-07-28,6,-0.5131781376387311,6.22,10.780017979332303,-108.2755353986412
Macro_Forest,middle_island,2025-07-28,7,0.5147240266211809,3.75,18.730534524636756,-96.11457311288669
Macro_Forest,middle_island,2025-07-28,8,0.9312985079930147,1.41,26.864146443523904,-83.48756327862989
Macro_Forest,middle_island,2025-07-28,9,1.0344912997207927,-0.23,34.777696360084725,-69.74595721348278
Macro_Forest,middle_island,2025-07-28,10,0.0574712879530826,-0.79,41.95768459961065,-54.091075199330334
Macro_Forest,middle_island,2025-07-28,11,0.14225653160738744,-0.14,47.70894799775675,-35.73194820238021
Macro_Forest,middle_island,2025-07-28,12,0.393218972085049,1.54,51.16872823511632,-14.483255633330854
Macro_Forest,middle_island,2025-07-28,13,0.7374814793226416,3.83,51.59801178274646,8.335092776650198
Macro_Forest,middle_island,2025-07-28,14,-0.43635605067430455,6.18,48.88858366531452,30.205569973941422
Macro_Forest,middle_island,2025-07-28,15,-0.4548946806419818,8.05,43.6558395595579,49.36475198068947
