"index","term","estimate","std_error","t_value","p_value","sig"
"MEAN","(Intercept)",10421.9608274242,513.113461613358,20.3112208256142,5.88945001739666e-07,"***"
"MEAN","habitatUrchin_Barren",2220.37251722702,717.493426204167,3.09462419603438,0.0212735466051785,"*"
"SD","(Intercept)",7176.88008875195,124.750854445528,57.529706875761,1.84208391974542e-09,"***"
"SD","habitatUrchin_Barren",-568.148544143933,176.405704461507,-3.22069258405365,0.0181229312341583,"*"
"MEDIAN","(Intercept)",10232.545066823,797.402702786544,12.8323430947313,1.02586149455519e-05,"***"
"MEDIAN","habitatUrchin_Barren",3220.68922451177,1116.59149101583,2.88439348716667,0.0279079311247381,"*"
"MODE","(Intercept)",265.543071326741,1333.43878051281,0.199141554308641,0.848282097361009,"ns"
"MODE","habitatUrchin_Barren",6990.62841698483,1849.70873206203,3.77931308633211,0.00920628595682277,"**"
"Q25","(Intercept)",4004.09630042768,737.173318889238,5.43168912632512,0.00131269355549788,"**"
"Q25","habitatUrchin_Barren",3499.30299638014,1025.1269381351,3.41353140397035,0.0142730012460544,"*"
"Q75","(Intercept)",16349.8412235508,460.86073513423,35.4767503002589,1.77522918861364e-08,"***"
"Q75","habitatUrchin_Barren",1573.85776852905,643.998843299041,2.4438829120664,0.0502249668309934,"."
"IQR","(Intercept)",12351.8624796786,378.000559154782,32.6768365298126,2.32687650352406e-08,"***"
"IQR","habitatUrchin_Barren",-1925.44702938082,525.633442493084,-3.66309841369379,0.0105554323274207,"*"
"SKEW","(Intercept)",4.96940899521167,0.774340524357672,6.41760160923242,0.00058363830946396,"***"
"SKEW","habitatUrchin_Barren",-2.95610236957687,1.08485017198281,-2.72489459459081,0.0344188021795672,"*"
"KURT","(Intercept)",36.5155668617668,7.0106510178959,5.20858430530267,0.00176343760196225,"**"
"KURT","habitatUrchin_Barren",-22.3513371023394,9.81000099326998,-2.27842353101425,0.0629547098003975,"."
"SFM","(Intercept)",0.864515861429642,0.0391418407107056,22.0867451742807,3.32740606384359e-07,"***"
"SFM","habitatUrchin_Barren",0.0306560624110163,0.0546627803005464,0.560821499427279,0.595236028819033,"ns"
"SH","(Intercept)",0.954521005734014,0.0163830397876082,58.2627533173664,9.12598979999187e-10,"***"
"SH","habitatUrchin_Barren",0.0184844523251238,0.0229444786950395,0.805616574288093,0.451208824458565,"ns"
