"TYPE","site","term","estimate","std.error","p.value","r2"
"Barren","harris_island","(Intercept)",0.733100007909961,0.136770386461064,6.02175832375733e-07,0.517555329484764
"Barren","harris_island","tide",-0.187731736564567,0.0189167965004279,2.96239496372149e-16,0.517555329484764
"Barren","harris_island","elevation",-0.0100243655594746,0.00314029112147571,0.00192675414136859,0.517555329484764
"Barren","sandy_cove","(Intercept)",1.54748558368853,0.0691411481455065,3.22340411958582e-39,0.421780714572224
"Barren","sandy_cove","tide",-0.0785254913592863,0.00956295484071641,1.22362121571646e-12,0.421780714572224
"Barren","sandy_cove","elevation",-0.00174445669627981,0.00158750252352165,0.27466201879579,0.421780714572224
"Barren","samsing_cove","(Intercept)",1.63827325469699,0.0720081212316431,8.86646149078084e-40,0.073517741073567
"Barren","samsing_cove","tide",-0.0164754623073479,0.00995948765637887,0.101448591449168,0.073517741073567
"Barren","samsing_cove","elevation",-0.00405782308708493,0.001653329127956,0.0159754134178375,0.073517741073567
"Macro_Forest","battery_island","(Intercept)",-0.546694355156694,0.106319027643198,1.49993563614673e-06,0.189283284536868
"Macro_Forest","battery_island","tide",-0.0676418127428966,0.0147050502823746,1.33212077246467e-05,0.189283284536868
"Macro_Forest","battery_island","elevation",-0.000583207889351676,0.00244111833848561,0.811700961133818,0.189283284536868
"Macro_Forest","crow_island","(Intercept)",-1.13935612467446,0.192600944418111,5.45436595720654e-08,0.262477952636821
"Macro_Forest","crow_island","tide",0.0591925749873471,0.0266387554032747,0.0287052559812384,0.262477952636821
"Macro_Forest","crow_island","elevation",-0.0208776837718067,0.00442217830477663,8.26653578144608e-06,0.262477952636821
"Macro_Forest","middle_island","(Intercept)",0.423929805433813,0.160776934198388,0.00980961535320697,0.118316058554787
"Macro_Forest","middle_island","tide",-0.0470585924154229,0.0222371569232892,0.0369976835763871,0.118316058554787
"Macro_Forest","middle_island","elevation",-0.0118507380151117,0.00369148901355933,0.00182082641291286,0.118316058554787
