type,site,date,hour,pc1,tide,elevation,azimuth,hours_from_solar_noon,period_label
Macro_Forest,battery_island,2025-07-24,0,-0.7425848136223288,10.81,-12.65579397963762,170.8059062872511,-12.649444444444445,A
Macro_Forest,battery_island,2025-07-24,1,-0.9135958000277481,10.78,-12.944074088172016,-174.73378793351483,-11.649444444444445,A
Macro_Forest,battery_island,2025-07-24,2,-0.9480734984461687,9.54,-11.198372187095789,-160.4207181856432,-10.649444444444445,A
Macro_Forest,battery_island,2025-07-24,3,-1.0380610534844308,7.27,-7.570619011145519,-146.60337733882878,-9.649444444444445,A
Macro_Forest,battery_island,2025-07-24,4,0.06825722646952018,4.37,-2.343238111501132,-133.44936202526017,-8.649444444444445,B
Macro_Forest,battery_island,2025-07-24,5,-0.42038668748337427,1.46,4.1393778540207675,-120.91386379923051,-7.649444444444445,B
Macro_Forest,battery_island,2025-07-24,6,-0.5058295561554553,-0.86,11.522150781735796,-108.77170502804842,-6.649444444444445,B
Macro_Forest,battery_island,2025-07-24,7,-0.3374510220998447,-2.09,19.45737455616412,-96.65522532982975,-5.649444444444445,B
Macro_Forest,battery_island,2025-07-24,8,-0.32172206921067453,-2.02,27.591401682914015,-84.06321737522224,-4.649444444444445,B
Macro_Forest,battery_island,2025-07-24,9,-0.5053159472389319,-0.72,35.524238148247484,-70.33906394866887,-3.6494444444444443,B
Macro_Forest,battery_island,2025-07-24,10,-0.7958814621558569,1.49,42.74329207613156,-54.66019786400683,-2.6494444444444443,C
Macro_Forest,battery_island,2025-07-24,11,0.2725276708497231,4.07,48.5469806017719,-36.18975248164933,-1.6494444444444445,C
Macro_Forest,battery_island,2025-07-24,12,-0.69771153932961,6.43,52.05152631524333,-14.698829907831911,-0.6494444444444445,C
Macro_Forest,battery_island,2025-07-24,13,-1.4279735527791326,8.08,52.489005068445046,8.4497574072295,0.35055555555555556,C
Macro_Forest,battery_island,2025-07-24,14,-1.0202591883881664,8.7,49.745827049312965,30.59839743609707,1.3505555555555555,C
Macro_Forest,battery_island,2025-07-24,15,-1.0717850054976825,8.24,44.46284550780079,49.90509212543824,2.3505555555555557,C
Macro_Forest,battery_island,2025-07-24,16,-1.213454692402687,6.95,37.53773212004147,66.25699153236368,3.3505555555555557,D
Macro_Forest,battery_island,2025-07-24,17,-0.23721965878320286,5.3,29.728994904021786,80.4155882944541,4.350555555555555,D
Macro_Forest,battery_island,2025-07-24,18,-0.2691168896829547,3.82,21.592714906198204,93.23563455469692,5.350555555555555,D
Macro_Forest,battery_island,2025-07-24,19,-1.4256902215019651,3.01,13.551197434205573,105.42048799674062,6.350555555555555,D
Macro_Forest,battery_island,2025-07-24,20,-1.20365710158786,3.15,5.965168192065745,117.51116203030182,7.350555555555555,D
Macro_Forest,battery_island,2025-07-24,21,-0.7681162134945008,4.27,-0.8185763985098741,129.91223271390288,8.350555555555555,D
Macro_Forest,battery_island,2025-07-24,22,-0.7022685614966194,6.1,-6.446036403803551,142.8923695118242,9.350555555555555,A
Macro_Forest,battery_island,2025-07-24,23,-0.8385486241945898,8.19,-10.564820809343976,156.55176242252395,10.350555555555555,A
Macro_Forest,battery_island,2025-07-25,0,-0.834638188694788,9.96,-12.867009778034136,170.78208538511046,-12.649722222222222,A
Macro_Forest,battery_island,2025-07-25,1,-1.0035967737485485,10.9,-13.156647733123021,-174.72579500033893,-11.649722222222222,A
Macro_Forest,battery_island,2025-07-25,2,-2.140496275412989,10.65,-11.407910914324527,-160.38204582463962,-10.649722222222222,A
Macro_Forest,battery_island,2025-07-25,3,-2.454759631813105,9.14,-7.773730110750899,-146.53808645238718,-9.649722222222222,A
Macro_Forest,battery_island,2025-07-25,4,-1.0334720472500711,6.63,-2.538251679865195,-133.36263880903581,-8.649722222222222,B
Macro_Forest,battery_island,2025-07-25,5,-0.5019986976270789,3.62,3.9523506927165752,-120.81038282314945,-7.6497222222222225,B
Macro_Forest,battery_island,2025-07-25,6,-0.45266585646367635,0.75,11.341520037737395,-108.65491818692048,-6.6497222222222225,B
Macro_Forest,battery_island,2025-07-25,7,-0.03696644642124679,-1.36,19.280395817936654,-96.52755852557516,-5.6497222222222225,B
Macro_Forest,battery_island,2025-07-25,8,-1.0502990844393567,-2.25,27.414383108842706,-83.92704401444965,-4.6497222222222225,B
Macro_Forest,battery_island,2025-07-25,9,-1.0999127861529407,-1.77,35.34272018101024,-70.19873944323871,-3.649722222222222,B
Macro_Forest,battery_island,2025-07-25,10,-0.8594441200585259,-0.09,42.55259846048965,-54.52592341235056,-2.649722222222222,C
Macro_Forest,battery_island,2025-07-25,11,-0.5195950330445509,2.39,48.34400481733063,-36.082982929561034,-1.6497222222222223,C
Macro_Forest,battery_island,2025-07-25,12,-1.1384421075472466,5.06,51.8382952345541,-14.651680212833554,-0.6497222222222222,C
Macro_Forest,battery_island,2025-07-25,13,-1.1417112635120321,7.33,52.27456265922957,8.416031618625494,0.3502777777777778,C
Macro_Forest,battery_island,2025-07-25,14,-1.313420691990457,8.7,49.54034398715893,30.49732886991194,1.3502777777777777,C
Macro_Forest,battery_island,2025-07-25,15,-0.8855538449527047,8.93,44.27008449333698,49.76913154890311,2.350277777777778,C
Macro_Forest,battery_island,2025-07-25,16,-1.2763893249149114,8.07,37.35533541305456,66.11100841567843,3.350277777777778,D
Macro_Forest,battery_island,2025-07-25,17,-0.9253139509180637,6.47,29.552252888151568,80.27206447927678,4.3502777777777775,D
Macro_Forest,battery_island,2025-07-25,18,-0.8222792481499355,4.64,21.41684501517824,93.09982467839872,5.3502777777777775,D
Macro_Forest,battery_island,2025-07-25,19,-0.5415089991205063,3.16,13.372105779393982,105.2948911561286,6.3502777777777775,D
Macro_Forest,battery_island,2025-07-25,20,-1.6509480491781567,2.5,5.779660471445786,117.39797147513654,7.3502777777777775,D
Macro_Forest,battery_island,2025-07-25,21,-1.060407565833986,2.87,-1.0126159053561847,129.81456052816657,8.350277777777778,D
Macro_Forest,battery_island,2025-07-25,22,-0.9917214214906923,4.23,-6.649334176933751,142.81468454772076,9.350277777777778,A
Macro_Forest,battery_island,2025-07-25,23,-0.9042368691862693,6.23,-10.776346814707217,156.49946751767322,10.350277777777778,A
Macro_Forest,battery_island,2025-07-26,0,-1.0074767006058254,8.36,-13.083855520239705,170.76007540706124,-12.65,A
Macro_Forest,battery_island,2025-07-26,1,-0.8009998932506027,10.02,-13.37452817257874,-174.7151119880917,-11.65,A
Macro_Forest,battery_island,2025-07-26,2,-0.9734755485230595,10.71,-11.622326107792512,-160.3399170388658,-10.65,A
Macro_Forest,battery_island,2025-07-26,3,-0.7146024425542148,10.16,-7.981240856388781,-146.4687641370699,-9.65,A
Macro_Forest,battery_island,2025-07-26,4,-0.6165837340805005,8.38,-2.737211714292833,-133.27149810659677,-8.65,B
Macro_Forest,battery_island,2025-07-26,5,-0.723078343695582,5.72,3.761750434920003,-120.70223122730182,-7.65,B
Macro_Forest,battery_island,2025-07-26,6,-1.2393897483029386,2.75,11.157573358292941,-108.53327405542137,-6.65,B
Macro_Forest,battery_island,2025-07-26,7,-2.0045466945717756,0.11,19.100219104721898,-96.39486467827331,-5.65,B
Macro_Forest,battery_island,2025-07-26,8,-0.41118069787416656,-1.59,27.234127416308226,-83.78567118467873,-4.65,B
Macro_Forest,battery_island,2025-07-26,9,-0.6744652202194743,-2,35.15775249694819,-70.05306361323694,-3.65,B
Macro_Forest,battery_island,2025-07-26,10,-0.3652753208836009,-1.06,42.358061031643146,-54.3862522083801,-2.65,C
Macro_Forest,battery_island,2025-07-26,11,-1.2617466804878978,0.96,48.1366321311929,-35.97103214129288,-1.65,C
Macro_Forest,battery_island,2025-07-26,12,-0.8882768946214648,3.58,51.620037525776524,-14.59999560455835,-0.65,C
Macro_Forest,battery_island,2025-07-26,13,-0.6159496907179413,6.17,52.054532934011505,8.385671726638336,0.35,C
Macro_Forest,battery_island,2025-07-26,14,-1.4418309620967513,8.14,49.328930028721494,30.39811613123565,1.35,C
Macro_Forest,battery_island,2025-07-26,15,-1.607132587335836,9.08,44.07129143288575,49.63368235547636,2.35,C
Macro_Forest,battery_island,2025-07-26,16,-0.9280384385601624,8.85,37.16694652729291,65.96466452565805,3.35,D
Macro_Forest,battery_island,2025-07-26,17,-1.032467016537041,7.61,29.369594637706083,80.12773909633717,4.35,D
Macro_Forest,battery_island,2025-07-26,18,-0.29731284904595096,5.77,21.235116281315833,92.96306805989809,5.35,D
Macro_Forest,battery_island,2025-07-26,19,-1.3606843683601453,3.91,13.187178303893917,105.16840323225448,6.35,D
Macro_Forest,battery_island,2025-07-26,20,-0.7635849225153387,2.56,5.588311676949115,117.28410710676313,7.35,D
Macro_Forest,battery_island,2025-07-26,21,-0.8850225893845302,2.14,-1.2125092990348831,129.71659277801814,8.35,D
Macro_Forest,battery_island,2025-07-26,22,-0.7828601622739717,2.78,-6.858472324541427,142.7372585051667,9.35,A
Macro_Forest,battery_island,2025-07-26,23,-1.1064149147418678,4.35,-10.993629118096367,156.44816275114752,10.35,A
Macro_Forest,battery_island,2025-07-27,0,-1.374413400494258,6.42,-13.30626042542698,170.73991389936538,-12.65,A
Macro_Forest,battery_island,2025-07-27,1,-2.5358721264629653,8.44,-13.597639618700624,-174.70170681962853,-11.65,A
Macro_Forest,battery_island,2025-07-27,2,-2.5790415134798335,9.84,-11.841538183318423,-160.29430816985882,-10.65,A
Macro_Forest,battery_island,2025-07-27,3,-2.4168548165922394,10.19,-8.193070064882834,-146.39539842606996,-9.65,A
Macro_Forest,battery_island,2025-07-27,4,-1.495906903400844,9.32,-2.940038102264376,-133.17594160986548,-8.65,B
Macro_Forest,battery_island,2025-07-27,5,-0.4901357175089172,7.35,3.5676537331099705,-120.58942481372667,-7.65,B
Macro_Forest,battery_island,2025-07-27,6,-0.0787806789789053,4.69,10.970382325705028,-108.4068023229431,-6.65,B
Macro_Forest,battery_island,2025-07-27,7,-0.5407586780928697,1.95,18.916910299654372,-96.25718739432078,-5.65,B
Macro_Forest,battery_island,2025-07-27,8,-0.6844851572951023,-0.26,27.05069526688373,-83.6391571753987,-4.65,B
Macro_Forest,battery_island,2025-07-27,9,-0.30620256637998877,-1.43,34.96939241037941,-69.9021104473797,-3.65,B
Macro_Forest,battery_island,2025-07-27,10,-0.3000717711073378,-1.29,42.15973743349171,-54.24127224312729,-2.65,C
Macro_Forest,battery_island,2025-07-27,11,-1.5350005198113974,0.08,47.92492561790912,-35.853989357289635,-1.65,C
Macro_Forest,battery_island,2025-07-27,12,-0.18778091187810517,2.33,51.39682463008232,-14.54383316947194,-0.65,C
Macro_Forest,battery_island,2025-07-27,13,-0.6367385892446645,4.91,51.828990669349025,8.358690275577722,0.35,C
Macro_Forest,battery_island,2025-07-27,14,-1.062684414260317,7.22,49.11165321023446,30.30083891468713,1.35,C
Macro_Forest,battery_island,2025-07-27,15,-1.3089404610507047,8.74,43.86652324566196,49.49885437208267,2.35,C
Macro_Forest,battery_island,2025-07-27,16,-1.471457784377826,9.18,36.97261399390739,65.8180701153918,3.35,D
Macro_Forest,battery_island,2025-07-27,17,-1.5061847865455806,8.49,29.181065025946463,79.98271099192526,4.35,D
Macro_Forest,battery_island,2025-07-27,18,-0.8274192320811475,6.94,21.047573787359624,92.82544994218975,5.35,D
Macro_Forest,battery_island,2025-07-27,19,-0.30662733542924964,4.99,12.996462838708442,105.04109686200358,6.35,D
Macro_Forest,battery_island,2025-07-27,20,-0.19929855837379987,3.22,5.391173845644661,117.16963063001646,7.35,D
Macro_Forest,battery_island,2025-07-27,21,0.40067244770857247,2.11,-1.4181996472419236,129.61838199379184,8.35,D
Macro_Forest,battery_island,2025-07-27,22,-0.044957125682358406,1.99,-7.073388804643885,142.66013661003714,9.35,A
Macro_Forest,battery_island,2025-07-27,23,0.5061389455034256,2.88,-11.216600552754494,156.39788790052322,10.35,A
Macro_Forest,crow_island,2025-07-24,0,-0.013583125701602446,10.81,-12.65579397963762,170.8059062872511,-12.649444444444445,A
Macro_Forest,crow_island,2025-07-24,1,-0.23861392140896345,10.78,-12.944074088172016,-174.73378793351483,-11.649444444444445,A
Macro_Forest,crow_island,2025-07-24,2,0.02796409307208438,9.54,-11.198372187095789,-160.4207181856432,-10.649444444444445,A
Macro_Forest,crow_island,2025-07-24,3,-1.205722287332868,7.27,-7.570619011145519,-146.60337733882878,-9.649444444444445,A
Macro_Forest,crow_island,2025-07-24,4,-1.1931127467468852,4.37,-2.343238111501132,-133.44936202526017,-8.649444444444445,B
Macro_Forest,crow_island,2025-07-24,5,-0.9333919635381273,1.46,4.1393778540207675,-120.91386379923051,-7.649444444444445,B
Macro_Forest,crow_island,2025-07-24,6,-0.7746147614788129,-0.86,11.522150781735796,-108.77170502804842,-6.649444444444445,B
Macro_Forest,crow_island,2025-07-24,7,-0.7377302977293955,-2.09,19.45737455616412,-96.65522532982975,-5.649444444444445,B
Macro_Forest,crow_island,2025-07-24,8,-0.8527567935774518,-2.02,27.591401682914015,-84.06321737522224,-4.649444444444445,B
Macro_Forest,crow_island,2025-07-24,9,-0.9043736679687719,-0.72,35.524238148247484,-70.33906394866887,-3.6494444444444443,B
Macro_Forest,crow_island,2025-07-24,10,-1.8709105519612081,1.49,42.74329207613156,-54.66019786400683,-2.6494444444444443,C
Macro_Forest,crow_island,2025-07-24,11,-2.4803020897447605,4.07,48.5469806017719,-36.18975248164933,-1.6494444444444445,C
Macro_Forest,crow_island,2025-07-24,12,-2.4331125549089485,6.43,52.05152631524333,-14.698829907831911,-0.6494444444444445,C
Macro_Forest,crow_island,2025-07-24,13,-1.4563700289931507,8.08,52.489005068445046,8.4497574072295,0.35055555555555556,C
Macro_Forest,crow_island,2025-07-24,14,-0.7455718958370713,8.7,49.745827049312965,30.59839743609707,1.3505555555555555,C
Macro_Forest,crow_island,2025-07-24,15,-1.2678223612440596,8.24,44.46284550780079,49.90509212543824,2.3505555555555557,C
Macro_Forest,crow_island,2025-07-24,16,-2.525576549187477,6.95,37.53773212004147,66.25699153236368,3.3505555555555557,D
Macro_Forest,crow_island,2025-07-24,17,-2.849443595292745,5.3,29.728994904021786,80.4155882944541,4.350555555555555,D
Macro_Forest,crow_island,2025-07-24,18,-1.9266920570949728,3.82,21.592714906198204,93.23563455469692,5.350555555555555,D
Macro_Forest,crow_island,2025-07-24,19,-1.1219095958391903,3.01,13.551197434205573,105.42048799674062,6.350555555555555,D
Macro_Forest,crow_island,2025-07-24,20,-0.8526640533602579,3.15,5.965168192065745,117.51116203030182,7.350555555555555,D
Macro_Forest,crow_island,2025-07-24,21,-1.3494597918518898,4.27,-0.8185763985098741,129.91223271390288,8.350555555555555,D
Macro_Forest,crow_island,2025-07-24,22,-1.2583430391774462,6.1,-6.446036403803551,142.8923695118242,9.350555555555555,A
Macro_Forest,crow_island,2025-07-24,23,1.2666020356140058,8.19,-10.564820809343976,156.55176242252395,10.350555555555555,A
Macro_Forest,crow_island,2025-07-25,0,0.859773831400132,9.96,-12.867009778034136,170.78208538511046,-12.649722222222222,A
Macro_Forest,crow_island,2025-07-25,1,1.3423609606950055,10.9,-13.156647733123021,-174.72579500033893,-11.649722222222222,A
Macro_Forest,crow_island,2025-07-25,2,1.4525981523034692,10.65,-11.407910914324527,-160.38204582463962,-10.649722222222222,A
Macro_Forest,crow_island,2025-07-25,3,0.40604522825803663,9.14,-7.773730110750899,-146.53808645238718,-9.649722222222222,A
Macro_Forest,crow_island,2025-07-25,4,-1.957424309041765,6.63,-2.538251679865195,-133.36263880903581,-8.649722222222222,B
Macro_Forest,crow_island,2025-07-25,5,-1.2966873372535852,3.62,3.9523506927165752,-120.81038282314945,-7.6497222222222225,B
Macro_Forest,crow_island,2025-07-25,6,-0.8926543044255629,0.75,11.341520037737395,-108.65491818692048,-6.6497222222222225,B
Macro_Forest,crow_island,2025-07-25,7,-0.7594414099217074,-1.36,19.280395817936654,-96.52755852557516,-5.6497222222222225,B
Macro_Forest,crow_island,2025-07-25,8,-0.7365749817020272,-2.25,27.414383108842706,-83.92704401444965,-4.6497222222222225,B
Macro_Forest,crow_island,2025-07-25,9,-1.0920498596478805,-1.77,35.34272018101024,-70.19873944323871,-3.649722222222222,B
Macro_Forest,crow_island,2025-07-25,10,-2.6428719529088722,-0.09,42.55259846048965,-54.52592341235056,-2.649722222222222,C
Macro_Forest,crow_island,2025-07-25,11,-2.7097303804219717,2.39,48.34400481733063,-36.082982929561034,-1.6497222222222223,C
Macro_Forest,crow_island,2025-07-25,12,-2.8788318724109896,5.06,51.8382952345541,-14.651680212833554,-0.6497222222222222,C
Macro_Forest,crow_island,2025-07-25,13,-2.4697389788890405,7.33,52.27456265922957,8.416031618625494,0.3502777777777778,C
Macro_Forest,crow_island,2025-07-25,14,-0.7373894214579773,8.7,49.54034398715893,30.49732886991194,1.3502777777777777,C
Macro_Forest,crow_island,2025-07-25,15,-0.9185575891975352,8.93,44.27008449333698,49.76913154890311,2.350277777777778,C
Macro_Forest,crow_island,2025-07-25,16,-2.7290715587422216,8.07,37.35533541305456,66.11100841567843,3.350277777777778,D
Macro_Forest,crow_island,2025-07-25,17,-3.1323303356125374,6.47,29.552252888151568,80.27206447927678,4.3502777777777775,D
Macro_Forest,crow_island,2025-07-25,18,-3.133262501328757,4.64,21.41684501517824,93.09982467839872,5.3502777777777775,D
Macro_Forest,crow_island,2025-07-25,19,-2.7378930352670903,3.16,13.372105779393982,105.2948911561286,6.3502777777777775,D
Macro_Forest,crow_island,2025-07-25,20,-2.588387430852661,2.5,5.779660471445786,117.39797147513654,7.3502777777777775,D
Macro_Forest,crow_island,2025-07-25,21,-2.3023748058049507,2.87,-1.0126159053561847,129.81456052816657,8.350277777777778,D
Macro_Forest,crow_island,2025-07-25,22,-1.977746992095574,4.23,-6.649334176933751,142.81468454772076,9.350277777777778,A
Macro_Forest,crow_island,2025-07-25,23,-1.84304413295116,6.23,-10.776346814707217,156.49946751767322,10.350277777777778,A
Macro_Forest,crow_island,2025-07-26,0,0.24526637401605705,8.36,-13.083855520239705,170.76007540706124,-12.65,A
Macro_Forest,crow_island,2025-07-26,1,1.16829807318167,10.02,-13.37452817257874,-174.7151119880917,-11.65,A
Macro_Forest,crow_island,2025-07-26,2,1.139524659322742,10.71,-11.622326107792512,-160.3399170388658,-10.65,A
Macro_Forest,crow_island,2025-07-26,3,1.2702635078802176,10.16,-7.981240856388781,-146.4687641370699,-9.65,A
Macro_Forest,crow_island,2025-07-26,4,-1.7827846620879517,8.38,-2.737211714292833,-133.27149810659677,-8.65,B
Macro_Forest,crow_island,2025-07-26,5,-1.7089422018432225,5.72,3.761750434920003,-120.70223122730182,-7.65,B
Macro_Forest,crow_island,2025-07-26,6,-1.2346997517882154,2.75,11.157573358292941,-108.53327405542137,-6.65,B
Macro_Forest,crow_island,2025-07-26,7,-0.8894404296163694,0.11,19.100219104721898,-96.39486467827331,-5.65,B
Macro_Forest,crow_island,2025-07-26,8,-0.77754154550360155,-1.59,27.234127416308226,-83.78567118467873,-4.65,B
Macro_Forest,crow_island,2025-07-26,9,-0.9321870341297812,-2,35.15775249694819,-70.05306361323694,-3.65,B
Macro_Forest,crow_island,2025-07-26,10,-0.8428998068053177,-1.06,42.358061031643146,-54.3862522083801,-2.65,C
Macro_Forest,crow_island,2025-07-26,11,-1.1349341745116697,0.96,48.1366321311929,-35.97103214129288,-1.65,C
Macro_Forest,crow_island,2025-07-26,12,-2.538903764184556,3.58,51.620037525776524,-14.59999560455835,-0.65,C
Macro_Forest,crow_island,2025-07-26,13,-1.813785462037654,6.17,52.054532934011505,8.385671726638336,0.35,C
Macro_Forest,crow_island,2025-07-26,14,-0.976932336204901,8.14,49.328930028721494,30.39811613123565,1.35,C
Macro_Forest,crow_island,2025-07-26,15,-0.8508996189239592,9.08,44.07129143288575,49.63368235547636,2.35,C
Macro_Forest,crow_island,2025-07-26,16,-1.0218769674065622,8.85,37.16694652729291,65.96466452565805,3.35,D
Macro_Forest,crow_island,2025-07-26,17,-2.910150581501485,7.61,29.369594637706083,80.12773909633717,4.35,D
Macro_Forest,crow_island,2025-07-26,18,-2.244454872660618,5.77,21.235116281315833,92.96306805989809,5.35,D
Macro_Forest,crow_island,2025-07-26,19,-1.965450038851938,3.91,13.187178303893917,105.16840323225448,6.35,D
Macro_Forest,crow_island,2025-07-26,20,-1.8821212397437845,2.56,5.588311676949115,117.28410710676313,7.35,D
Macro_Forest,crow_island,2025-07-26,21,-1.5486448755179119,2.14,-1.2125092990348831,129.71659277801814,8.35,D
Macro_Forest,crow_island,2025-07-26,22,-1.0710166481945536,2.78,-6.858472324541427,142.7372585051667,9.35,A
Macro_Forest,crow_island,2025-07-26,23,-2.206317511598686,4.35,-10.993629118096367,156.44816275114752,10.35,A
Macro_Forest,crow_island,2025-07-27,0,-1.9285580358280048,6.42,-13.30626042542698,170.73991389936538,-12.65,A
Macro_Forest,crow_island,2025-07-27,1,-0.9499302154837821,8.44,-13.597639618700624,-174.70170681962853,-11.65,A
Macro_Forest,crow_island,2025-07-27,2,1.1056869628191948,9.84,-11.841538183318423,-160.29430816985882,-10.65,A
Macro_Forest,crow_island,2025-07-27,3,0.7741076833533634,10.19,-8.193070064882834,-146.39539842606996,-9.65,A
Macro_Forest,crow_island,2025-07-27,4,-0.5156118428285645,9.32,-2.940038102264376,-133.17594160986548,-8.65,B
Macro_Forest,crow_island,2025-07-27,5,-2.1663773549312872,7.35,3.5676537331099705,-120.58942481372667,-7.65,B
Macro_Forest,crow_island,2025-07-27,6,-2.117706409140071,4.69,10.970382325705028,-108.4068023229431,-6.65,B
Macro_Forest,crow_island,2025-07-27,7,-0.9444316536780277,1.95,18.916910299654372,-96.25718739432078,-5.65,B
Macro_Forest,crow_island,2025-07-27,8,-0.7452072453057011,-0.26,27.05069526688373,-83.6391571753987,-4.65,B
Macro_Forest,crow_island,2025-07-27,9,-0.7903032492219011,-1.43,34.96939241037941,-69.9021104473797,-3.65,B
Macro_Forest,crow_island,2025-07-27,10,-1.1409687854189943,-1.29,42.15973743349171,-54.24127224312729,-2.65,C
Macro_Forest,crow_island,2025-07-27,11,-1.076262836129793,0.08,47.92492561790912,-35.853989357289635,-1.65,C
Macro_Forest,crow_island,2025-07-27,12,-2.4110508068974656,2.33,51.39682463008232,-14.54383316947194,-0.65,C
Macro_Forest,crow_island,2025-07-27,13,-2.698875725807742,4.91,51.828990669349025,8.358690275577722,0.35,C
Macro_Forest,crow_island,2025-07-27,14,-0.5045079252876593,7.22,49.11165321023446,30.30083891468713,1.35,C
Macro_Forest,crow_island,2025-07-27,15,-0.2679343303842702,8.74,43.86652324566196,49.49885437208267,2.35,C
Macro_Forest,crow_island,2025-07-27,16,-0.308234507451406,9.18,36.97261399390739,65.8180701153918,3.35,D
Macro_Forest,crow_island,2025-07-27,17,-2.5484729690704127,8.49,29.181065025946463,79.98271099192526,4.35,D
Macro_Forest,crow_island,2025-07-27,18,-2.625355930288296,6.94,21.047573787359624,92.82544994218975,5.35,D
Macro_Forest,crow_island,2025-07-27,19,-1.2704773605837798,4.99,12.996462838708442,105.04109686200358,6.35,D
Macro_Forest,crow_island,2025-07-27,20,-1.2713623398416625,3.22,5.391173845644661,117.16963063001646,7.35,D
Macro_Forest,crow_island,2025-07-27,21,-1.2411433940820922,2.11,-1.4181996472419236,129.61838199379184,8.35,D
Macro_Forest,crow_island,2025-07-27,22,-1.2341320169551482,1.99,-7.073388804643885,142.66013661003714,9.35,A
Macro_Forest,crow_island,2025-07-27,23,-0.5653731361968004,2.88,-11.216600552754494,156.39788790052322,10.35,A
Macro_Forest,middle_island,2025-07-24,0,0.1565767809133877,10.81,-12.65579397963762,170.8059062872511,-12.649444444444445,A
Macro_Forest,middle_island,2025-07-24,1,-0.07671550348072195,10.78,-12.944074088172016,-174.73378793351483,-11.649444444444445,A
Macro_Forest,middle_island,2025-07-24,2,0.3833005758517727,9.54,-11.198372187095789,-160.4207181856432,-10.649444444444445,A
Macro_Forest,middle_island,2025-07-24,3,-0.1147308378015533,7.27,-7.570619011145519,-146.60337733882878,-9.649444444444445,A
Macro_Forest,middle_island,2025-07-24,4,-0.4309298010813786,4.37,-2.343238111501132,-133.44936202526017,-8.649444444444445,B
Macro_Forest,middle_island,2025-07-24,5,-1.281162857778647,1.46,4.1393778540207675,-120.91386379923051,-7.649444444444445,B
Macro_Forest,middle_island,2025-07-24,6,-0.8614908534168169,-0.86,11.522150781735796,-108.77170502804842,-6.649444444444445,B
Macro_Forest,middle_island,2025-07-24,7,-0.8878739917753425,-2.09,19.45737455616412,-96.65522532982975,-5.649444444444445,B
Macro_Forest,middle_island,2025-07-24,8,-1.0380680113628882,-2.02,27.591401682914015,-84.06321737522224,-4.649444444444445,B
Macro_Forest,middle_island,2025-07-24,9,-0.3485707153175001,-0.72,35.524238148247484,-70.33906394866887,-3.6494444444444443,B
Macro_Forest,middle_island,2025-07-24,10,-0.7433480687947719,1.49,42.74329207613156,-54.66019786400683,-2.6494444444444443,C
Macro_Forest,middle_island,2025-07-24,11,-0.9114034637236287,4.07,48.5469806017719,-36.18975248164933,-1.6494444444444445,C
Macro_Forest,middle_island,2025-07-24,12,-0.6155289089670517,6.43,52.05152631524333,-14.698829907831911,-0.6494444444444445,C
Macro_Forest,middle_island,2025-07-24,13,-0.10557182123543116,8.08,52.489005068445046,8.4497574072295,0.35055555555555556,C
Macro_Forest,middle_island,2025-07-24,14,-0.3595630147009612,8.7,49.745827049312965,30.59839743609707,1.3505555555555555,C
Macro_Forest,middle_island,2025-07-24,15,-1.0331367612173072,8.24,44.46284550780079,49.90509212543824,2.3505555555555557,C
Macro_Forest,middle_island,2025-07-24,16,0.4734355566008714,6.95,37.53773212004147,66.25699153236368,3.3505555555555557,D
Macro_Forest,middle_island,2025-07-24,17,-0.476181728962464,5.3,29.728994904021786,80.4155882944541,4.350555555555555,D
Macro_Forest,middle_island,2025-07-24,18,-0.17081714169517773,3.82,21.592714906198204,93.23563455469692,5.350555555555555,D
Macro_Forest,middle_island,2025-07-24,19,1.072460220734499,3.01,13.551197434205573,105.42048799674062,6.350555555555555,D
Macro_Forest,middle_island,2025-07-24,20,1.3373691018012048,3.15,5.965168192065745,117.51116203030182,7.350555555555555,D
Macro_Forest,middle_island,2025-07-24,21,1.4735249817785023,4.27,-0.8185763985098741,129.91223271390288,8.350555555555555,D
Macro_Forest,middle_island,2025-07-24,22,1.2764166650818816,6.1,-6.446036403803551,142.8923695118242,9.350555555555555,A
Macro_Forest,middle_island,2025-07-24,23,1.418435104513333,8.19,-10.564820809343976,156.55176242252395,10.350555555555555,A
Macro_Forest,middle_island,2025-07-25,0,1.0115159617434957,9.96,-12.867009778034136,170.78208538511046,-12.649722222222222,A
Macro_Forest,middle_island,2025-07-25,1,0.6662228612346648,10.9,-13.156647733123021,-174.72579500033893,-11.649722222222222,A
Macro_Forest,middle_island,2025-07-25,2,0.6194871602521352,10.65,-11.407910914324527,-160.38204582463962,-10.649722222222222,A
Macro_Forest,middle_island,2025-07-25,3,-0.10317776385682133,9.14,-7.773730110750899,-146.53808645238718,-9.649722222222222,A
Macro_Forest,middle_island,2025-07-25,4,0.6275038292253502,6.63,-2.538251679865195,-133.36263880903581,-8.649722222222222,B
Macro_Forest,middle_island,2025-07-25,5,-0.772693549357409,3.62,3.9523506927165752,-120.81038282314945,-7.6497222222222225,B
Macro_Forest,middle_island,2025-07-25,6,-0.2321645512692444,0.75,11.341520037737395,-108.65491818692048,-6.6497222222222225,B
Macro_Forest,middle_island,2025-07-25,7,0.18975958721458286,-1.36,19.280395817936654,-96.52755852557516,-5.6497222222222225,B
Macro_Forest,middle_island,2025-07-25,8,0.9033185035123059,-2.25,27.414383108842706,-83.92704401444965,-4.6497222222222225,B
Macro_Forest,middle_island,2025-07-25,9,1.0898134972334432,-1.77,35.34272018101024,-70.19873944323871,-3.649722222222222,B
Macro_Forest,middle_island,2025-07-25,10,1.2921652679885256,-0.09,42.55259846048965,-54.52592341235056,-2.649722222222222,C
Macro_Forest,middle_island,2025-07-25,11,1.2135763326215845,2.39,48.34400481733063,-36.082982929561034,-1.6497222222222223,C
Macro_Forest,middle_island,2025-07-25,12,0.5317369875028075,5.06,51.8382952345541,-14.651680212833554,-0.6497222222222222,C
Macro_Forest,middle_island,2025-07-25,13,-0.05705066781592647,7.33,52.27456265922957,8.416031618625494,0.3502777777777778,C
Macro_Forest,middle_island,2025-07-25,14,0.10379149211005352,8.7,49.54034398715893,30.49732886991194,1.3502777777777777,C
Macro_Forest,middle_island,2025-07-25,15,-0.7695860696721852,8.93,44.27008449333698,49.76913154890311,2.350277777777778,C
Macro_Forest,middle_island,2025-07-25,16,-0.044168550621278224,8.07,37.35533541305456,66.11100841567843,3.350277777777778,D
Macro_Forest,middle_island,2025-07-25,17,0.7962014024300884,6.47,29.552252888151568,80.27206447927678,4.3502777777777775,D
Macro_Forest,middle_island,2025-07-25,18,0.7320622751371377,4.64,21.41684501517824,93.09982467839872,5.3502777777777775,D
Macro_Forest,middle_island,2025-07-25,19,1.3253190387779399,3.16,13.372105779393982,105.2948911561286,6.3502777777777775,D
Macro_Forest,middle_island,2025-07-25,20,1.2572271337819239,2.5,5.779660471445786,117.39797147513654,7.3502777777777775,D
Macro_Forest,middle_island,2025-07-25,21,1.1606193458622707,2.87,-1.0126159053561847,129.81456052816657,8.350277777777778,D
Macro_Forest,middle_island,2025-07-25,22,1.2991059706165133,4.23,-6.649334176933751,142.81468454772076,9.350277777777778,A
Macro_Forest,middle_island,2025-07-25,23,0.4759421540471499,6.23,-10.776346814707217,156.49946751767322,10.350277777777778,A
Macro_Forest,middle_island,2025-07-26,0,0.729804434272431,8.36,-13.083855520239705,170.76007540706124,-12.65,A
Macro_Forest,middle_island,2025-07-26,1,0.6925377038928611,10.02,-13.37452817257874,-174.7151119880917,-11.65,A
Macro_Forest,middle_island,2025-07-26,2,0.7126771129837428,10.71,-11.622326107792512,-160.3399170388658,-10.65,A
Macro_Forest,middle_island,2025-07-26,3,0.8208283149548457,10.16,-7.981240856388781,-146.4687641370699,-9.65,A
Macro_Forest,middle_island,2025-07-26,4,0.5772986425981521,8.38,-2.737211714292833,-133.27149810659677,-8.65,B
Macro_Forest,middle_island,2025-07-26,5,-0.7063233630545037,5.72,3.761750434920003,-120.70223122730182,-7.65,B
Macro_Forest,middle_island,2025-07-26,6,-0.19791998376129102,2.75,11.157573358292941,-108.53327405542137,-6.65,B
Macro_Forest,middle_island,2025-07-26,7,0.4116539457333553,0.11,19.100219104721898,-96.39486467827331,-5.65,B
Macro_Forest,middle_island,2025-07-26,8,0.6934603461932839,-1.59,27.234127416308226,-83.78567118467873,-4.65,B
Macro_Forest,middle_island,2025-07-26,9,0.9705758497670168,-2,35.15775249694819,-70.05306361323694,-3.65,B
Macro_Forest,middle_island,2025-07-26,10,0.29047982818708024,-1.06,42.358061031643146,-54.3862522083801,-2.65,C
Macro_Forest,middle_island,2025-07-26,11,-0.4622602779432917,0.96,48.1366321311929,-35.97103214129288,-1.65,C
Macro_Forest,middle_island,2025-07-26,12,-0.44960917874854567,3.58,51.620037525776524,-14.59999560455835,-0.65,C
Macro_Forest,middle_island,2025-07-26,13,-1.3541286480317363,6.17,52.054532934011505,8.385671726638336,0.35,C
Macro_Forest,middle_island,2025-07-26,14,-1.5940482866979557,8.14,49.328930028721494,30.39811613123565,1.35,C
Macro_Forest,middle_island,2025-07-26,15,-0.5251343125208028,9.08,44.07129143288575,49.63368235547636,2.35,C
Macro_Forest,middle_island,2025-07-26,16,-1.5413527826526603,8.85,37.16694652729291,65.96466452565805,3.35,D
Macro_Forest,middle_island,2025-07-26,17,-1.9048748616075035,7.61,29.369594637706083,80.12773909633717,4.35,D
Macro_Forest,middle_island,2025-07-26,18,-1.2102342614548907,5.77,21.235116281315833,92.96306805989809,5.35,D
Macro_Forest,middle_island,2025-07-26,19,-0.9933785877686966,3.91,13.187178303893917,105.16840323225448,6.35,D
Macro_Forest,middle_island,2025-07-26,20,-0.5223049485976057,2.56,5.588311676949115,117.28410710676313,7.35,D
Macro_Forest,middle_island,2025-07-26,21,-0.05071284881653347,2.14,-1.2125092990348831,129.71659277801814,8.35,D
Macro_Forest,middle_island,2025-07-26,22,0.9963031603974352,2.78,-6.858472324541427,142.7372585051667,9.35,A
Macro_Forest,middle_island,2025-07-26,23,0.13095704824073,4.35,-10.993629118096367,156.44816275114752,10.35,A
Macro_Forest,middle_island,2025-07-27,0,0.16967380588375916,6.42,-13.30626042542698,170.73991389936538,-12.65,A
Macro_Forest,middle_island,2025-07-27,1,-0.07030925517406036,8.44,-13.597639618700624,-174.70170681962853,-11.65,A
Macro_Forest,middle_island,2025-07-27,2,0.14012536497456274,9.84,-11.841538183318423,-160.29430816985882,-10.65,A
Macro_Forest,middle_island,2025-07-27,3,-0.40634848582803673,10.19,-8.193070064882834,-146.39539842606996,-9.65,A
Macro_Forest,middle_island,2025-07-27,4,-1.3968482834381906,9.32,-2.940038102264376,-133.17594160986548,-8.65,B
Macro_Forest,middle_island,2025-07-27,5,-1.4110762807424087,7.35,3.5676537331099705,-120.58942481372667,-7.65,B
Macro_Forest,middle_island,2025-07-27,6,-1.0321564765596514,4.69,10.970382325705028,-108.4068023229431,-6.65,B
Macro_Forest,middle_island,2025-07-27,7,-0.7592137425253728,1.95,18.916910299654372,-96.25718739432078,-5.65,B
Macro_Forest,middle_island,2025-07-27,8,-0.5028131995025592,-0.26,27.05069526688373,-83.6391571753987,-4.65,B
Macro_Forest,middle_island,2025-07-27,9,0.2778877274763977,-1.43,34.96939241037941,-69.9021104473797,-3.65,B
Macro_Forest,middle_island,2025-07-27,10,0.07721740945876977,-1.29,42.15973743349171,-54.24127224312729,-2.65,C
Macro_Forest,middle_island,2025-07-27,11,1.1398302743991655,0.08,47.92492561790912,-35.853989357289635,-1.65,C
Macro_Forest,middle_island,2025-07-27,12,0.8319513830818195,2.33,51.39682463008232,-14.54383316947194,-0.65,C
Macro_Forest,middle_island,2025-07-27,13,-0.33158718312400665,4.91,51.828990669349025,8.358690275577722,0.35,C
Macro_Forest,middle_island,2025-07-27,14,-0.5860914362278561,7.22,49.11165321023446,30.30083891468713,1.35,C
Macro_Forest,middle_island,2025-07-27,15,-0.4079624457917334,8.74,43.86652324566196,49.49885437208267,2.35,C
Macro_Forest,middle_island,2025-07-27,16,-1.4139840055033657,9.18,36.97261399390739,65.8180701153918,3.35,D
Macro_Forest,middle_island,2025-07-27,17,-1.2014421103030346,8.49,29.181065025946463,79.98271099192526,4.35,D
Macro_Forest,middle_island,2025-07-27,18,-1.2051191401514163,6.94,21.047573787359624,92.82544994218975,5.35,D
Macro_Forest,middle_island,2025-07-27,19,-1.115578211382639,4.99,12.996462838708442,105.04109686200358,6.35,D
Macro_Forest,middle_island,2025-07-27,20,-0.40054714361025195,3.22,5.391173845644661,117.16963063001646,7.35,D
Macro_Forest,middle_island,2025-07-27,21,0.631061225871219,2.11,-1.4181996472419236,129.61838199379184,8.35,D
Macro_Forest,middle_island,2025-07-27,22,0.18364442491963037,1.99,-7.073388804643885,142.66013661003714,9.35,A
Macro_Forest,middle_island,2025-07-27,23,0.30462023420872136,2.88,-11.216600552754494,156.39788790052322,10.35,A
Barren,harris_island,2025-07-24,0,0.4846191583657964,10.81,-12.65579397963762,170.8059062872511,-12.649444444444445,A
Barren,harris_island,2025-07-24,1,-1.5140907099695147,10.78,-12.944074088172016,-174.73378793351483,-11.649444444444445,A
Barren,harris_island,2025-07-24,2,-1.1213740610809007,9.54,-11.198372187095789,-160.4207181856432,-10.649444444444445,A
Barren,harris_island,2025-07-24,3,-1.5010455816190087,7.27,-7.570619011145519,-146.60337733882878,-9.649444444444445,A
Barren,harris_island,2025-07-24,4,-0.8054793425745352,4.37,-2.343238111501132,-133.44936202526017,-8.649444444444445,B
Barren,harris_island,2025-07-24,5,0.5373378542969733,1.46,4.1393778540207675,-120.91386379923051,-7.649444444444445,B
Barren,harris_island,2025-07-24,6,0.9962620146575424,-0.86,11.522150781735796,-108.77170502804842,-6.649444444444445,B
Barren,harris_island,2025-07-24,7,-0.11975572094754135,-2.09,19.45737455616412,-96.65522532982975,-5.649444444444445,B
Barren,harris_island,2025-07-24,8,-0.13050509565046686,-2.02,27.591401682914015,-84.06321737522224,-4.649444444444445,B
Barren,harris_island,2025-07-24,9,-0.6845952141014667,-0.72,35.524238148247484,-70.33906394866887,-3.6494444444444443,B
Barren,harris_island,2025-07-24,10,-1.1909431598659235,1.49,42.74329207613156,-54.66019786400683,-2.6494444444444443,C
Barren,harris_island,2025-07-24,11,-1.3518280736429225,4.07,48.5469806017719,-36.18975248164933,-1.6494444444444445,C
Barren,harris_island,2025-07-24,12,-2.194773365935955,6.43,52.05152631524333,-14.698829907831911,-0.6494444444444445,C
Barren,harris_island,2025-07-24,13,-1.2109228356910435,8.08,52.489005068445046,8.4497574072295,0.35055555555555556,C
Barren,harris_island,2025-07-24,14,-1.859974346049372,8.7,49.745827049312965,30.59839743609707,1.3505555555555555,C
Barren,harris_island,2025-07-24,15,-1.9816333466304155,8.24,44.46284550780079,49.90509212543824,2.3505555555555557,C
Barren,harris_island,2025-07-24,16,-2.3160466018271935,6.95,37.53773212004147,66.25699153236368,3.3505555555555557,D
Barren,harris_island,2025-07-24,17,-1.952189484935013,5.3,29.728994904021786,80.4155882944541,4.350555555555555,D
Barren,harris_island,2025-07-24,18,-0.2609013818324868,3.82,21.592714906198204,93.23563455469692,5.350555555555555,D
Barren,harris_island,2025-07-24,19,-0.05440322482723275,3.01,13.551197434205573,105.42048799674062,6.350555555555555,D
Barren,harris_island,2025-07-24,20,-1.1499878850222012,3.15,5.965168192065745,117.51116203030182,7.350555555555555,D
Barren,harris_island,2025-07-24,21,0.1699689790829263,4.27,-0.8185763985098741,129.91223271390288,8.350555555555555,D
Barren,harris_island,2025-07-24,22,0.29090895658132554,6.1,-6.446036403803551,142.8923695118242,9.350555555555555,A
Barren,harris_island,2025-07-24,23,0.07361633190392325,8.19,-10.564820809343976,156.55176242252395,10.350555555555555,A
Barren,harris_island,2025-07-25,0,-1.0943092216475512,9.96,-12.867009778034136,170.78208538511046,-12.649722222222222,A
Barren,harris_island,2025-07-25,1,-1.6995521481186866,10.9,-13.156647733123021,-174.72579500033893,-11.649722222222222,A
Barren,harris_island,2025-07-25,2,-1.8471369724984306,10.65,-11.407910914324527,-160.38204582463962,-10.649722222222222,A
Barren,harris_island,2025-07-25,3,-1.5466404173003414,9.14,-7.773730110750899,-146.53808645238718,-9.649722222222222,A
Barren,harris_island,2025-07-25,4,-1.2371246759644616,6.63,-2.538251679865195,-133.36263880903581,-8.649722222222222,B
Barren,harris_island,2025-07-25,5,0.0558477834458677,3.62,3.9523506927165752,-120.81038282314945,-7.6497222222222225,B
Barren,harris_island,2025-07-25,6,0.9109256630509043,0.75,11.341520037737395,-108.65491818692048,-6.6497222222222225,B
Barren,harris_island,2025-07-25,7,1.334062095071294,-1.36,19.280395817936654,-96.52755852557516,-5.6497222222222225,B
Barren,harris_island,2025-07-25,8,0.30250052371412856,-2.25,27.414383108842706,-83.92704401444965,-4.6497222222222225,B
Barren,harris_island,2025-07-25,9,0.12862285354145334,-1.77,35.34272018101024,-70.19873944323871,-3.649722222222222,B
Barren,harris_island,2025-07-25,10,0.3786241477512148,-0.09,42.55259846048965,-54.52592341235056,-2.649722222222222,C
Barren,harris_island,2025-07-25,11,-0.49686874646416374,2.39,48.34400481733063,-36.082982929561034,-1.6497222222222223,C
Barren,harris_island,2025-07-25,12,-0.4326825314740478,5.06,51.8382952345541,-14.651680212833554,-0.6497222222222222,C
Barren,harris_island,2025-07-25,13,-0.9800537967549979,7.33,52.27456265922957,8.416031618625494,0.3502777777777778,C
Barren,harris_island,2025-07-25,14,-1.5380461801610443,8.7,49.54034398715893,30.49732886991194,1.3502777777777777,C
Barren,harris_island,2025-07-25,15,-2.092564129896662,8.93,44.27008449333698,49.76913154890311,2.350277777777778,C
Barren,harris_island,2025-07-25,16,-1.6553006845493679,8.07,37.35533541305456,66.11100841567843,3.350277777777778,D
Barren,harris_island,2025-07-25,17,-0.8273192983236002,6.47,29.552252888151568,80.27206447927678,4.3502777777777775,D
Barren,harris_island,2025-07-25,18,-0.6319315703848984,4.64,21.41684501517824,93.09982467839872,5.3502777777777775,D
Barren,harris_island,2025-07-25,19,-0.5328364195423017,3.16,13.372105779393982,105.2948911561286,6.3502777777777775,D
Barren,harris_island,2025-07-25,20,-0.13507369761087823,2.5,5.779660471445786,117.39797147513654,7.3502777777777775,D
Barren,harris_island,2025-07-25,21,1.0427347114341807,2.87,-1.0126159053561847,129.81456052816657,8.350277777777778,D
Barren,harris_island,2025-07-25,22,-0.056704032219960544,4.23,-6.649334176933751,142.81468454772076,9.350277777777778,A
Barren,harris_island,2025-07-25,23,-0.055048521871654536,6.23,-10.776346814707217,156.49946751767322,10.350277777777778,A
Barren,harris_island,2025-07-26,0,-0.8961006285917782,8.36,-13.083855520239705,170.76007540706124,-12.65,A
Barren,harris_island,2025-07-26,1,-1.2489464441884113,10.02,-13.37452817257874,-174.7151119880917,-11.65,A
Barren,harris_island,2025-07-26,2,-1.357560042412595,10.71,-11.622326107792512,-160.3399170388658,-10.65,A
Barren,harris_island,2025-07-26,3,-1.0748698815117865,10.16,-7.981240856388781,-146.4687641370699,-9.65,A
Barren,harris_island,2025-07-26,4,-0.044822460984979884,8.38,-2.737211714292833,-133.27149810659677,-8.65,B
Barren,harris_island,2025-07-26,5,1.171605520626698,5.72,3.761750434920003,-120.70223122730182,-7.65,B
Barren,harris_island,2025-07-26,6,0.6442451471018975,2.75,11.157573358292941,-108.53327405542137,-6.65,B
Barren,harris_island,2025-07-26,7,1.3372937316984357,0.11,19.100219104721898,-96.39486467827331,-5.65,B
Barren,harris_island,2025-07-26,8,0.6456126476546984,-1.59,27.234127416308226,-83.78567118467873,-4.65,B
Barren,harris_island,2025-07-26,9,0.7772444644587432,-2,35.15775249694819,-70.05306361323694,-3.65,B
Barren,harris_island,2025-07-26,10,-0.018884913664087868,-1.06,42.358061031643146,-54.3862522083801,-2.65,C
Barren,harris_island,2025-07-26,11,0.05409921938031824,0.96,48.1366321311929,-35.97103214129288,-1.65,C
Barren,harris_island,2025-07-26,12,0.013618215939583784,3.58,51.620037525776524,-14.59999560455835,-0.65,C
Barren,harris_island,2025-07-26,13,-1.1825917382331805,6.17,52.054532934011505,8.385671726638336,0.35,C
Barren,harris_island,2025-07-26,14,-0.8515591107815598,8.14,49.328930028721494,30.39811613123565,1.35,C
Barren,harris_island,2025-07-26,15,-1.5303601859146272,9.08,44.07129143288575,49.63368235547636,2.35,C
Barren,harris_island,2025-07-26,16,-1.169850800808678,8.85,37.16694652729291,65.96466452565805,3.35,D
Barren,harris_island,2025-07-26,17,-0.6790941173498567,7.61,29.369594637706083,80.12773909633717,4.35,D
Barren,harris_island,2025-07-26,18,0.012376631597261581,5.77,21.235116281315833,92.96306805989809,5.35,D
Barren,harris_island,2025-07-26,19,0.15749376150455138,3.91,13.187178303893917,105.16840323225448,6.35,D
Barren,harris_island,2025-07-26,20,0.8950230567064844,2.56,5.588311676949115,117.28410710676313,7.35,D
Barren,harris_island,2025-07-26,21,1.0483989292673002,2.14,-1.2125092990348831,129.71659277801814,8.35,D
Barren,harris_island,2025-07-26,22,0.4399976828213034,2.78,-6.858472324541427,142.7372585051667,9.35,A
Barren,harris_island,2025-07-26,23,0.2881679604729018,4.35,-10.993629118096367,156.44816275114752,10.35,A
Barren,harris_island,2025-07-27,0,-1.4440941545894768,6.42,-13.30626042542698,170.73991389936538,-12.65,A
Barren,harris_island,2025-07-27,1,-1.4045479658628846,8.44,-13.597639618700624,-174.70170681962853,-11.65,A
Barren,harris_island,2025-07-27,2,-1.5757281346003549,9.84,-11.841538183318423,-160.29430816985882,-10.65,A
Barren,harris_island,2025-07-27,3,-1.7849612929999659,10.19,-8.193070064882834,-146.39539842606996,-9.65,A
Barren,harris_island,2025-07-27,4,-0.8500869725783964,9.32,-2.940038102264376,-133.17594160986548,-8.65,B
Barren,harris_island,2025-07-27,5,-0.9046074769666107,7.35,3.5676537331099705,-120.58942481372667,-7.65,B
Barren,harris_island,2025-07-27,6,0.4787911233279551,4.69,10.970382325705028,-108.4068023229431,-6.65,B
Barren,harris_island,2025-07-27,7,0.8715015200796892,1.95,18.916910299654372,-96.25718739432078,-5.65,B
Barren,harris_island,2025-07-27,8,1.0281148152621138,-0.26,27.05069526688373,-83.6391571753987,-4.65,B
Barren,harris_island,2025-07-27,9,1.0152045203888647,-1.43,34.96939241037941,-69.9021104473797,-3.65,B
Barren,harris_island,2025-07-27,10,1.2405112919470067,-1.29,42.15973743349171,-54.24127224312729,-2.65,C
Barren,harris_island,2025-07-27,11,1.1863122792147924,0.08,47.92492561790912,-35.853989357289635,-1.65,C
Barren,harris_island,2025-07-27,12,-0.24398357876562796,2.33,51.39682463008232,-14.54383316947194,-0.65,C
Barren,harris_island,2025-07-27,13,0.5194843067878812,4.91,51.828990669349025,8.358690275577722,0.35,C
Barren,harris_island,2025-07-27,14,-0.15071434075547815,7.22,49.11165321023446,30.30083891468713,1.35,C
Barren,harris_island,2025-07-27,15,-0.06932425064993056,8.74,43.86652324566196,49.49885437208267,2.35,C
Barren,harris_island,2025-07-27,16,-0.6482939535214639,9.18,36.97261399390739,65.8180701153918,3.35,D
Barren,harris_island,2025-07-27,17,-0.8864936060395542,8.49,29.181065025946463,79.98271099192526,4.35,D
Barren,harris_island,2025-07-27,18,0.558445067301024,6.94,21.047573787359624,92.82544994218975,5.35,D
Barren,harris_island,2025-07-27,19,-0.05317470824270658,4.99,12.996462838708442,105.04109686200358,6.35,D
Barren,harris_island,2025-07-27,20,0.9163624203732753,3.22,5.391173845644661,117.16963063001646,7.35,D
Barren,harris_island,2025-07-27,21,0.216213292580942,2.11,-1.4181996472419236,129.61838199379184,8.35,D
Barren,harris_island,2025-07-27,22,0.3367786501080193,1.99,-7.073388804643885,142.66013661003714,9.35,A
Barren,harris_island,2025-07-27,23,1.0834701147613666,2.88,-11.216600552754494,156.39788790052322,10.35,A
Barren,sandy_cove,2025-07-24,0,-0.3758325383099729,10.81,-12.65579397963762,170.8059062872511,-12.649444444444445,A
Barren,sandy_cove,2025-07-24,1,-0.45866652689207577,10.78,-12.944074088172016,-174.73378793351483,-11.649444444444445,A
Barren,sandy_cove,2025-07-24,2,0.12460346739816744,9.54,-11.198372187095789,-160.4207181856432,-10.649444444444445,A
Barren,sandy_cove,2025-07-24,3,0.827392728825322,7.27,-7.570619011145519,-146.60337733882878,-9.649444444444445,A
Barren,sandy_cove,2025-07-24,4,0.7876922654390585,4.37,-2.343238111501132,-133.44936202526017,-8.649444444444445,B
Barren,sandy_cove,2025-07-24,5,0.9916747061954753,1.46,4.1393778540207675,-120.91386379923051,-7.649444444444445,B
Barren,sandy_cove,2025-07-24,6,1.342253176794075,-0.86,11.522150781735796,-108.77170502804842,-6.649444444444445,B
Barren,sandy_cove,2025-07-24,7,1.5070969639243403,-2.09,19.45737455616412,-96.65522532982975,-5.649444444444445,B
Barren,sandy_cove,2025-07-24,8,1.5725699854738728,-2.02,27.591401682914015,-84.06321737522224,-4.649444444444445,B
Barren,sandy_cove,2025-07-24,9,1.483427296010485,-0.72,35.524238148247484,-70.33906394866887,-3.6494444444444443,B
Barren,sandy_cove,2025-07-24,10,1.46800905542907,1.49,42.74329207613156,-54.66019786400683,-2.6494444444444443,C
Barren,sandy_cove,2025-07-24,11,1.1099172104318278,4.07,48.5469806017719,-36.18975248164933,-1.6494444444444445,C
Barren,sandy_cove,2025-07-24,12,1.0513782492179127,6.43,52.05152631524333,-14.698829907831911,-0.6494444444444445,C
Barren,sandy_cove,2025-07-24,13,1.1553142400350067,8.08,52.489005068445046,8.4497574072295,0.35055555555555556,C
Barren,sandy_cove,2025-07-24,14,0.8552774437465648,8.7,49.745827049312965,30.59839743609707,1.3505555555555555,C
Barren,sandy_cove,2025-07-24,15,0.1622750899026869,8.24,44.46284550780079,49.90509212543824,2.3505555555555557,C
Barren,sandy_cove,2025-07-24,16,0.8177321641237166,6.95,37.53773212004147,66.25699153236368,3.3505555555555557,D
Barren,sandy_cove,2025-07-24,17,1.1341790060538093,5.3,29.728994904021786,80.4155882944541,4.350555555555555,D
Barren,sandy_cove,2025-07-24,18,1.5185514622230154,3.82,21.592714906198204,93.23563455469692,5.350555555555555,D
Barren,sandy_cove,2025-07-24,19,1.4172086801520551,3.01,13.551197434205573,105.42048799674062,6.350555555555555,D
Barren,sandy_cove,2025-07-24,20,1.4379310900697881,3.15,5.965168192065745,117.51116203030182,7.350555555555555,D
Barren,sandy_cove,2025-07-24,21,1.2183055765257076,4.27,-0.8185763985098741,129.91223271390288,8.350555555555555,D
Barren,sandy_cove,2025-07-24,22,1.2868469079548752,6.1,-6.446036403803551,142.8923695118242,9.350555555555555,A
Barren,sandy_cove,2025-07-24,23,0.9594391812307929,8.19,-10.564820809343976,156.55176242252395,10.350555555555555,A
Barren,sandy_cove,2025-07-25,0,0.5588453973027424,9.96,-12.867009778034136,170.78208538511046,-12.649722222222222,A
Barren,sandy_cove,2025-07-25,1,0.25564207280438817,10.9,-13.156647733123021,-174.72579500033893,-11.649722222222222,A
Barren,sandy_cove,2025-07-25,2,0.12445217740446847,10.65,-11.407910914324527,-160.38204582463962,-10.649722222222222,A
Barren,sandy_cove,2025-07-25,3,0.6031742324929495,9.14,-7.773730110750899,-146.53808645238718,-9.649722222222222,A
Barren,sandy_cove,2025-07-25,4,0.9280276617435246,6.63,-2.538251679865195,-133.36263880903581,-8.649722222222222,B
Barren,sandy_cove,2025-07-25,5,1.424891036744043,3.62,3.9523506927165752,-120.81038282314945,-7.6497222222222225,B
Barren,sandy_cove,2025-07-25,6,1.648368920147081,0.75,11.341520037737395,-108.65491818692048,-6.6497222222222225,B
Barren,sandy_cove,2025-07-25,7,1.52008945403484,-1.36,19.280395817936654,-96.52755852557516,-5.6497222222222225,B
Barren,sandy_cove,2025-07-25,8,1.4238794317680306,-2.25,27.414383108842706,-83.92704401444965,-4.6497222222222225,B
Barren,sandy_cove,2025-07-25,9,1.0325900415728857,-1.77,35.34272018101024,-70.19873944323871,-3.649722222222222,B
Barren,sandy_cove,2025-07-25,10,1.1077007927538411,-0.09,42.55259846048965,-54.52592341235056,-2.649722222222222,C
Barren,sandy_cove,2025-07-25,11,0.6366416437325849,2.39,48.34400481733063,-36.082982929561034,-1.6497222222222223,C
Barren,sandy_cove,2025-07-25,12,0.7648597771801434,5.06,51.8382952345541,-14.651680212833554,-0.6497222222222222,C
Barren,sandy_cove,2025-07-25,13,0.8884661296226435,7.33,52.27456265922957,8.416031618625494,0.3502777777777778,C
Barren,sandy_cove,2025-07-25,14,0.3405851109571339,8.7,49.54034398715893,30.49732886991194,1.3502777777777777,C
Barren,sandy_cove,2025-07-25,15,0.9750927537643325,8.93,44.27008449333698,49.76913154890311,2.350277777777778,C
Barren,sandy_cove,2025-07-25,16,0.19494971668340358,8.07,37.35533541305456,66.11100841567843,3.350277777777778,D
Barren,sandy_cove,2025-07-25,17,0.7545224975392396,6.47,29.552252888151568,80.27206447927678,4.3502777777777775,D
Barren,sandy_cove,2025-07-25,18,1.0393985659850102,4.64,21.41684501517824,93.09982467839872,5.3502777777777775,D
Barren,sandy_cove,2025-07-25,19,1.55872039235081,3.16,13.372105779393982,105.2948911561286,6.3502777777777775,D
Barren,sandy_cove,2025-07-25,20,1.5598810050533274,2.5,5.779660471445786,117.39797147513654,7.3502777777777775,D
Barren,sandy_cove,2025-07-25,21,1.445479567649993,2.87,-1.0126159053561847,129.81456052816657,8.350277777777778,D
Barren,sandy_cove,2025-07-25,22,1.2725792473954198,4.23,-6.649334176933751,142.81468454772076,9.350277777777778,A
Barren,sandy_cove,2025-07-25,23,1.4080979795001265,6.23,-10.776346814707217,156.49946751767322,10.350277777777778,A
Barren,sandy_cove,2025-07-26,0,1.0561892869874725,8.36,-13.083855520239705,170.76007540706124,-12.65,A
Barren,sandy_cove,2025-07-26,1,0.9708308971261236,10.02,-13.37452817257874,-174.7151119880917,-11.65,A
Barren,sandy_cove,2025-07-26,2,0.7507473753020599,10.71,-11.622326107792512,-160.3399170388658,-10.65,A
Barren,sandy_cove,2025-07-26,3,0.6922963015216926,10.16,-7.981240856388781,-146.4687641370699,-9.65,A
Barren,sandy_cove,2025-07-26,4,0.654669092456574,8.38,-2.737211714292833,-133.27149810659677,-8.65,B
Barren,sandy_cove,2025-07-26,5,1.1448036648214297,5.72,3.761750434920003,-120.70223122730182,-7.65,B
Barren,sandy_cove,2025-07-26,6,1.518261735236257,2.75,11.157573358292941,-108.53327405542137,-6.65,B
Barren,sandy_cove,2025-07-26,7,1.2479528767143593,0.11,19.100219104721898,-96.39486467827331,-5.65,B
Barren,sandy_cove,2025-07-26,8,1.5940581059357153,-1.59,27.234127416308226,-83.78567118467873,-4.65,B
Barren,sandy_cove,2025-07-26,9,1.588800034706031,-2,35.15775249694819,-70.05306361323694,-3.65,B
Barren,sandy_cove,2025-07-26,10,1.371080737830532,-1.06,42.358061031643146,-54.3862522083801,-2.65,C
Barren,sandy_cove,2025-07-26,11,1.284123745904713,0.96,48.1366321311929,-35.97103214129288,-1.65,C
Barren,sandy_cove,2025-07-26,12,0.8960265072759293,3.58,51.620037525776524,-14.59999560455835,-0.65,C
Barren,sandy_cove,2025-07-26,13,1.1494929649617853,6.17,52.054532934011505,8.385671726638336,0.35,C
Barren,sandy_cove,2025-07-26,14,1.0956432754764405,8.14,49.328930028721494,30.39811613123565,1.35,C
Barren,sandy_cove,2025-07-26,15,1.2610426489571376,9.08,44.07129143288575,49.63368235547636,2.35,C
Barren,sandy_cove,2025-07-26,16,1.1242372117707984,8.85,37.16694652729291,65.96466452565805,3.35,D
Barren,sandy_cove,2025-07-26,17,1.3899864463277012,7.61,29.369594637706083,80.12773909633717,4.35,D
Barren,sandy_cove,2025-07-26,18,1.5526349472434267,5.77,21.235116281315833,92.96306805989809,5.35,D
Barren,sandy_cove,2025-07-26,19,1.6069775016776235,3.91,13.187178303893917,105.16840323225448,6.35,D
Barren,sandy_cove,2025-07-26,20,1.5394530410758733,2.56,5.588311676949115,117.28410710676313,7.35,D
Barren,sandy_cove,2025-07-26,21,1.4978220647101197,2.14,-1.2125092990348831,129.71659277801814,8.35,D
Barren,sandy_cove,2025-07-26,22,1.5800611063710552,2.78,-6.858472324541427,142.7372585051667,9.35,A
Barren,sandy_cove,2025-07-26,23,1.432432598932482,4.35,-10.993629118096367,156.44816275114752,10.35,A
Barren,sandy_cove,2025-07-27,0,1.3168132169854003,6.42,-13.30626042542698,170.73991389936538,-12.65,A
Barren,sandy_cove,2025-07-27,1,1.161719566639564,8.44,-13.597639618700624,-174.70170681962853,-11.65,A
Barren,sandy_cove,2025-07-27,2,1.0490225808475475,9.84,-11.841538183318423,-160.29430816985882,-10.65,A
Barren,sandy_cove,2025-07-27,3,1.0562793538810984,10.19,-8.193070064882834,-146.39539842606996,-9.65,A
Barren,sandy_cove,2025-07-27,4,1.3889308820354695,9.32,-2.940038102264376,-133.17594160986548,-8.65,B
Barren,sandy_cove,2025-07-27,5,1.6242380633949631,7.35,3.5676537331099705,-120.58942481372667,-7.65,B
Barren,sandy_cove,2025-07-27,6,1.6681267118421026,4.69,10.970382325705028,-108.4068023229431,-6.65,B
Barren,sandy_cove,2025-07-27,7,1.6907681218430377,1.95,18.916910299654372,-96.25718739432078,-5.65,B
Barren,sandy_cove,2025-07-27,8,1.69930199415249,-0.26,27.05069526688373,-83.6391571753987,-4.65,B
Barren,sandy_cove,2025-07-27,9,1.5870583793385198,-1.43,34.96939241037941,-69.9021104473797,-3.65,B
Barren,sandy_cove,2025-07-27,10,1.548507718356248,-1.29,42.15973743349171,-54.24127224312729,-2.65,C
Barren,sandy_cove,2025-07-27,11,1.3749313088462598,0.08,47.92492561790912,-35.853989357289635,-1.65,C
Barren,sandy_cove,2025-07-27,12,1.3506413691480166,2.33,51.39682463008232,-14.54383316947194,-0.65,C
Barren,sandy_cove,2025-07-27,13,0.7232641675123282,4.91,51.828990669349025,8.358690275577722,0.35,C
Barren,sandy_cove,2025-07-27,14,0.6067305284938533,7.22,49.11165321023446,30.30083891468713,1.35,C
Barren,sandy_cove,2025-07-27,15,0.8447815057426543,8.74,43.86652324566196,49.49885437208267,2.35,C
Barren,sandy_cove,2025-07-27,16,1.0439257831296076,9.18,36.97261399390739,65.8180701153918,3.35,D
Barren,sandy_cove,2025-07-27,17,1.2828575002155331,8.49,29.181065025946463,79.98271099192526,4.35,D
Barren,sandy_cove,2025-07-27,18,1.3459102513021657,6.94,21.047573787359624,92.82544994218975,5.35,D
Barren,sandy_cove,2025-07-27,19,1.4459917087245557,4.99,12.996462838708442,105.04109686200358,6.35,D
Barren,sandy_cove,2025-07-27,20,1.608676612367777,3.22,5.391173845644661,117.16963063001646,7.35,D
Barren,sandy_cove,2025-07-27,21,1.622208692596901,2.11,-1.4181996472419236,129.61838199379184,8.35,D
Barren,sandy_cove,2025-07-27,22,1.4272624894170596,1.99,-7.073388804643885,142.66013661003714,9.35,A
Barren,sandy_cove,2025-07-27,23,1.445766398473227,2.88,-11.216600552754494,156.39788790052322,10.35,A
Barren,samsing_cove,2025-07-24,0,1.4476903458357044,10.81,-12.65579397963762,170.8059062872511,-12.649444444444445,A
Barren,samsing_cove,2025-07-24,1,1.4620538437222654,10.78,-12.944074088172016,-174.73378793351483,-11.649444444444445,A
Barren,samsing_cove,2025-07-24,2,1.4955931272701721,9.54,-11.198372187095789,-160.4207181856432,-10.649444444444445,A
Barren,samsing_cove,2025-07-24,3,1.5498097591480786,7.27,-7.570619011145519,-146.60337733882878,-9.649444444444445,A
Barren,samsing_cove,2025-07-24,4,1.605015153555229,4.37,-2.343238111501132,-133.44936202526017,-8.649444444444445,B
Barren,samsing_cove,2025-07-24,5,1.5676664075427893,1.46,4.1393778540207675,-120.91386379923051,-7.649444444444445,B
Barren,samsing_cove,2025-07-24,6,1.6221209994237673,-0.86,11.522150781735796,-108.77170502804842,-6.649444444444445,B
Barren,samsing_cove,2025-07-24,7,1.5969381883252822,-2.09,19.45737455616412,-96.65522532982975,-5.649444444444445,B
Barren,samsing_cove,2025-07-24,8,1.428405819726082,-2.02,27.591401682914015,-84.06321737522224,-4.649444444444445,B
Barren,samsing_cove,2025-07-24,9,1.652952324477532,-0.72,35.524238148247484,-70.33906394866887,-3.6494444444444443,B
Barren,samsing_cove,2025-07-24,10,1.672245746529941,1.49,42.74329207613156,-54.66019786400683,-2.6494444444444443,C
Barren,samsing_cove,2025-07-24,11,1.4572905436564385,4.07,48.5469806017719,-36.18975248164933,-1.6494444444444445,C
Barren,samsing_cove,2025-07-24,12,1.5340021431043989,6.43,52.05152631524333,-14.698829907831911,-0.6494444444444445,C
Barren,samsing_cove,2025-07-24,13,1.6199105909460756,8.08,52.489005068445046,8.4497574072295,0.35055555555555556,C
Barren,samsing_cove,2025-07-24,14,1.49317993724576,8.7,49.745827049312965,30.59839743609707,1.3505555555555555,C
Barren,samsing_cove,2025-07-24,15,1.6120839269777363,8.24,44.46284550780079,49.90509212543824,2.3505555555555557,C
Barren,samsing_cove,2025-07-24,16,1.6507808493464116,6.95,37.53773212004147,66.25699153236368,3.3505555555555557,D
Barren,samsing_cove,2025-07-24,17,1.6847928643582446,5.3,29.728994904021786,80.4155882944541,4.350555555555555,D
Barren,samsing_cove,2025-07-24,18,1.6838274596612717,3.82,21.592714906198204,93.23563455469692,5.350555555555555,D
Barren,samsing_cove,2025-07-24,19,1.6828210534550536,3.01,13.551197434205573,105.42048799674062,6.350555555555555,D
Barren,samsing_cove,2025-07-24,20,1.6694877371104178,3.15,5.965168192065745,117.51116203030182,7.350555555555555,D
Barren,samsing_cove,2025-07-24,21,1.676700028242457,4.27,-0.8185763985098741,129.91223271390288,8.350555555555555,D
Barren,samsing_cove,2025-07-24,22,1.6300633920151901,6.1,-6.446036403803551,142.8923695118242,9.350555555555555,A
Barren,samsing_cove,2025-07-24,23,1.6342814079685284,8.19,-10.564820809343976,156.55176242252395,10.350555555555555,A
Barren,samsing_cove,2025-07-25,0,1.5839293242982655,9.96,-12.867009778034136,170.78208538511046,-12.649722222222222,A
Barren,samsing_cove,2025-07-25,1,1.6514740910620247,10.9,-13.156647733123021,-174.72579500033893,-11.649722222222222,A
Barren,samsing_cove,2025-07-25,2,1.5667638980274672,10.65,-11.407910914324527,-160.38204582463962,-10.649722222222222,A
Barren,samsing_cove,2025-07-25,3,1.6157790392506282,9.14,-7.773730110750899,-146.53808645238718,-9.649722222222222,A
Barren,samsing_cove,2025-07-25,4,1.6235559322077686,6.63,-2.538251679865195,-133.36263880903581,-8.649722222222222,B
Barren,samsing_cove,2025-07-25,5,1.6847088922300468,3.62,3.9523506927165752,-120.81038282314945,-7.6497222222222225,B
Barren,samsing_cove,2025-07-25,6,1.7000823857296894,0.75,11.341520037737395,-108.65491818692048,-6.6497222222222225,B
Barren,samsing_cove,2025-07-25,7,1.5697112050962778,-1.36,19.280395817936654,-96.52755852557516,-5.6497222222222225,B
Barren,samsing_cove,2025-07-25,8,1.7010595853378736,-2.25,27.414383108842706,-83.92704401444965,-4.6497222222222225,B
Barren,samsing_cove,2025-07-25,9,1.7006401799167847,-1.77,35.34272018101024,-70.19873944323871,-3.649722222222222,B
Barren,samsing_cove,2025-07-25,10,1.6701097539713003,-0.09,42.55259846048965,-54.52592341235056,-2.649722222222222,C
Barren,samsing_cove,2025-07-25,11,1.591858599511645,2.39,48.34400481733063,-36.082982929561034,-1.6497222222222223,C
Barren,samsing_cove,2025-07-25,12,1.588714503075967,5.06,51.8382952345541,-14.651680212833554,-0.6497222222222222,C
Barren,samsing_cove,2025-07-25,13,1.6318091721633454,7.33,52.27456265922957,8.416031618625494,0.3502777777777778,C
Barren,samsing_cove,2025-07-25,14,1.6353936002189922,8.7,49.54034398715893,30.49732886991194,1.3502777777777777,C
Barren,samsing_cove,2025-07-25,15,1.5932699476868228,8.93,44.27008449333698,49.76913154890311,2.350277777777778,C
Barren,samsing_cove,2025-07-25,16,1.494003899616244,8.07,37.35533541305456,66.11100841567843,3.350277777777778,D
Barren,samsing_cove,2025-07-25,17,1.6116884094694628,6.47,29.552252888151568,80.27206447927678,4.3502777777777775,D
Barren,samsing_cove,2025-07-25,18,1.5900534472372945,4.64,21.41684501517824,93.09982467839872,5.3502777777777775,D
Barren,samsing_cove,2025-07-25,19,1.6389547002041618,3.16,13.372105779393982,105.2948911561286,6.3502777777777775,D
Barren,samsing_cove,2025-07-25,20,1.6224240631872588,2.5,5.779660471445786,117.39797147513654,7.3502777777777775,D
Barren,samsing_cove,2025-07-25,21,1.674341938732528,2.87,-1.0126159053561847,129.81456052816657,8.350277777777778,D
Barren,samsing_cove,2025-07-25,22,1.657063601989632,4.23,-6.649334176933751,142.81468454772076,9.350277777777778,A
Barren,samsing_cove,2025-07-25,23,1.6240877342984248,6.23,-10.776346814707217,156.49946751767322,10.350277777777778,A
Barren,samsing_cove,2025-07-26,0,1.6348871477001552,8.36,-13.083855520239705,170.76007540706124,-12.65,A
Barren,samsing_cove,2025-07-26,1,1.4829893317421359,10.02,-13.37452817257874,-174.7151119880917,-11.65,A
Barren,samsing_cove,2025-07-26,2,1.51020739147381,10.71,-11.622326107792512,-160.3399170388658,-10.65,A
Barren,samsing_cove,2025-07-26,3,1.589510769833729,10.16,-7.981240856388781,-146.4687641370699,-9.65,A
Barren,samsing_cove,2025-07-26,4,1.6455596823474483,8.38,-2.737211714292833,-133.27149810659677,-8.65,B
Barren,samsing_cove,2025-07-26,5,1.4620933695523846,5.72,3.761750434920003,-120.70223122730182,-7.65,B
Barren,samsing_cove,2025-07-26,6,1.6041457430079955,2.75,11.157573358292941,-108.53327405542137,-6.65,B
Barren,samsing_cove,2025-07-26,7,1.648719378288536,0.11,19.100219104721898,-96.39486467827331,-5.65,B
Barren,samsing_cove,2025-07-26,8,1.6124666724130545,-1.59,27.234127416308226,-83.78567118467873,-4.65,B
Barren,samsing_cove,2025-07-26,9,1.650494598288167,-2,35.15775249694819,-70.05306361323694,-3.65,B
Barren,samsing_cove,2025-07-26,10,1.521751008304509,-1.06,42.358061031643146,-54.3862522083801,-2.65,C
Barren,samsing_cove,2025-07-26,11,1.4312385923514406,0.96,48.1366321311929,-35.97103214129288,-1.65,C
Barren,samsing_cove,2025-07-26,12,1.484692518991083,3.58,51.620037525776524,-14.59999560455835,-0.65,C
Barren,samsing_cove,2025-07-26,13,1.3984918194515221,6.17,52.054532934011505,8.385671726638336,0.35,C
Barren,samsing_cove,2025-07-26,14,1.4187917751287158,8.14,49.328930028721494,30.39811613123565,1.35,C
Barren,samsing_cove,2025-07-26,15,1.5986465434706583,9.08,44.07129143288575,49.63368235547636,2.35,C
Barren,samsing_cove,2025-07-26,16,1.6525289830421146,8.85,37.16694652729291,65.96466452565805,3.35,D
Barren,samsing_cove,2025-07-26,17,1.6229574458135587,7.61,29.369594637706083,80.12773909633717,4.35,D
Barren,samsing_cove,2025-07-26,18,1.6896549558895169,5.77,21.235116281315833,92.96306805989809,5.35,D
Barren,samsing_cove,2025-07-26,19,1.6885024427198208,3.91,13.187178303893917,105.16840323225448,6.35,D
Barren,samsing_cove,2025-07-26,20,1.6362865046181692,2.56,5.588311676949115,117.28410710676313,7.35,D
Barren,samsing_cove,2025-07-26,21,1.6695606861125118,2.14,-1.2125092990348831,129.71659277801814,8.35,D
Barren,samsing_cove,2025-07-26,22,1.4197665164702806,2.78,-6.858472324541427,142.7372585051667,9.35,A
Barren,samsing_cove,2025-07-26,23,1.5818451422170074,4.35,-10.993629118096367,156.44816275114752,10.35,A
Barren,samsing_cove,2025-07-27,0,1.5189422457927624,6.42,-13.30626042542698,170.73991389936538,-12.65,A
Barren,samsing_cove,2025-07-27,1,1.4135933507755896,8.44,-13.597639618700624,-174.70170681962853,-11.65,A
Barren,samsing_cove,2025-07-27,2,1.5521777645353991,9.84,-11.841538183318423,-160.29430816985882,-10.65,A
Barren,samsing_cove,2025-07-27,3,1.5018659834668349,10.19,-8.193070064882834,-146.39539842606996,-9.65,A
Barren,samsing_cove,2025-07-27,4,1.6557988225671068,9.32,-2.940038102264376,-133.17594160986548,-8.65,B
Barren,samsing_cove,2025-07-27,5,1.647912084522164,7.35,3.5676537331099705,-120.58942481372667,-7.65,B
Barren,samsing_cove,2025-07-27,6,1.421631708688059,4.69,10.970382325705028,-108.4068023229431,-6.65,B
Barren,samsing_cove,2025-07-27,7,1.6687294506700818,1.95,18.916910299654372,-96.25718739432078,-5.65,B
Barren,samsing_cove,2025-07-27,8,1.6634398121185876,-0.26,27.05069526688373,-83.6391571753987,-4.65,B
Barren,samsing_cove,2025-07-27,9,1.663659614560472,-1.43,34.96939241037941,-69.9021104473797,-3.65,B
Barren,samsing_cove,2025-07-27,10,1.2620012703117134,-1.29,42.15973743349171,-54.24127224312729,-2.65,C
Barren,samsing_cove,2025-07-27,11,1.0077507687627119,0.08,47.92492561790912,-35.853989357289635,-1.65,C
Barren,samsing_cove,2025-07-27,12,0.3844889268110482,2.33,51.39682463008232,-14.54383316947194,-0.65,C
Barren,samsing_cove,2025-07-27,13,1.5168943468871843,4.91,51.828990669349025,8.358690275577722,0.35,C
Barren,samsing_cove,2025-07-27,14,0.9460029255342859,7.22,49.11165321023446,30.30083891468713,1.35,C
Barren,samsing_cove,2025-07-27,15,-1.1580417610578515,8.74,43.86652324566196,49.49885437208267,2.35,C
Barren,samsing_cove,2025-07-27,16,1.114827073746035,9.18,36.97261399390739,65.8180701153918,3.35,D
Barren,samsing_cove,2025-07-27,17,0.6833652152524805,8.49,29.181065025946463,79.98271099192526,4.35,D
Barren,samsing_cove,2025-07-27,18,0.6648154675398199,6.94,21.047573787359624,92.82544994218975,5.35,D
Barren,samsing_cove,2025-07-27,19,0.9058232116755501,4.99,12.996462838708442,105.04109686200358,6.35,D
Barren,samsing_cove,2025-07-27,20,0.49215444217484766,3.22,5.391173845644661,117.16963063001646,7.35,D
Barren,samsing_cove,2025-07-27,21,1.5243516341136774,2.11,-1.4181996472419236,129.61838199379184,8.35,D
Barren,samsing_cove,2025-07-27,22,1.2009160765409845,1.99,-7.073388804643885,142.66013661003714,9.35,A
Barren,samsing_cove,2025-07-27,23,1.589477683763237,2.88,-11.216600552754494,156.39788790052322,10.35,A
